company,location,industry,total_laid_off,percentage_laid_off,date,stage,country,funds_raised_millions,year,month
Atlassian,Sydney,Other,500.0,0.05,2023-03-06,Post-IPO,Australia,210.0,2023,3
SiriusXM,New York City,Media,475.0,0.08,2023-03-06,Post-IPO,United States,525.0,2023,3
Alerzo,Ibadan,Retail,400.0,,2023-03-06,Series B,Nigeria,16.0,2023,3
UpGrad,Mumbai,Education,120.0,,2023-03-06,Unknown,India,631.0,2023,3
Loft,Sao Paulo,Real Estate,340.0,0.15,2023-03-03,Unknown,Brazil,788.0,2023,3
Embark Trucks,SF Bay Area,Transportation,230.0,0.7,2023-03-03,Post-IPO,United States,317.0,2023,3
Lendi,Sydney,Real Estate,100.0,,2023-03-03,Unknown,Australia,59.0,2023,3
UserTesting,SF Bay Area,Marketing,63.0,,2023-03-03,Acquired,United States,152.0,2023,3
Airbnb,SF Bay Area,Unknown,30.0,,2023-03-03,Post-IPO,United States,6400.0,2023,3
Zscaler,SF Bay Area,Security,177.0,0.03,2023-03-02,Post-IPO,United States,148.0,2023,3
MasterClass,SF Bay Area,Education,79.0,,2023-03-02,Series E,United States,461.0,2023,3
Ambev Tech,Blumenau,Food,50.0,,2023-03-02,Acquired,Brazil,,2023,3
Fittr,Pune,Fitness,30.0,0.11,2023-03-02,Series A,India,13.0,2023,3
CNET,SF Bay Area,Media,12.0,0.1,2023-03-02,Acquired,United States,20.0,2023,3
Kandela,Los Angeles,Consumer,,1.0,2023-03-02,Acquired,United States,,2023,3
Thoughtworks,Chicago,Other,500.0,0.04,2023-03-01,Post-IPO,United States,748.0,2023,3
iFood,Sao Paulo,Food,355.0,0.06,2023-03-01,Subsidiary,Brazil,2100.0,2023,3
Color Health,SF Bay Area,Healthcare,300.0,,2023-03-01,Series E,United States,482.0,2023,3
Waymo,SF Bay Area,Transportation,209.0,0.08,2023-03-01,Subsidiary,United States,5500.0,2023,3
PayFit,Paris,Hr,200.0,0.2,2023-03-01,Series E,France,495.0,2023,3
Yellow.ai,SF Bay Area,Support,200.0,,2023-03-01,Series C,United States,102.0,2023,3
Sonder,SF Bay Area,Travel,100.0,0.14,2023-03-01,Post-IPO,United States,839.0,2023,3
Protego Trust Bank,Seattle,Crypto,,0.5,2023-03-01,Series A,United States,70.0,2023,3
Electronic Arts,Baton Rouge,Consumer,200.0,,2023-02-28,Post-IPO,United States,2.0,2023,2
Eventbrite,SF Bay Area,Consumer,80.0,0.08,2023-02-28,Post-IPO,United States,557.0,2023,2
DUX Education,Bengaluru,Education,,1.0,2023-02-28,Unknown,India,,2023,2
MeridianLink,Los Angeles,Finance,,0.09,2023-02-28,Post-IPO,United States,485.0,2023,2
Sono Motors,Munich,Transportation,300.0,,2023-02-27,Post-IPO,Germany,126.0,2023,2
Cerebral,SF Bay Area,Healthcare,285.0,0.15,2023-02-27,Series C,United States,462.0,2023,2
Amount,Chicago,Finance,130.0,0.25,2023-02-27,Unknown,United States,283.0,2023,2
Palantir,Denver,Data,75.0,0.02,2023-02-27,Post-IPO,United States,3000.0,2023,2
Outreach,Seattle,Sales,70.0,0.07,2023-02-27,Series G,United States,489.0,2023,2
Stytch,SF Bay Area,Security,19.0,0.25,2023-02-27,Series B,United States,126.0,2023,2
BitSight,Tel Aviv,Security,40.0,,2023-02-26,Unknown,Israel,401.0,2023,2
Twitter,SF Bay Area,Consumer,200.0,0.1,2023-02-25,Post-IPO,United States,12900.0,2023,2
Ericsson,Stockholm,Other,8500.0,0.08,2023-02-24,Post-IPO,Sweden,663.0,2023,2
SAP Labs,Bengaluru,Other,300.0,,2023-02-24,Subsidiary,India,1300.0,2023,2
Velodyne Lidar,SF Bay Area,Transportation,220.0,,2023-02-24,Acquired,United States,575.0,2023,2
Medallia,SF Bay Area,Support,59.0,,2023-02-24,Acquired,United States,325.0,2023,2
Eat Just,SF Bay Area,Food,40.0,,2023-02-24,Unknown,United States,465.0,2023,2
Lucira Health,SF Bay Area,Healthcare,26.0,,2023-02-24,Post-IPO,United States,132.0,2023,2
Stax,Orlando,Finance,24.0,,2023-02-24,Series D,United States,263.0,2023,2
Poshmark,SF Bay Area,Retail,,0.02,2023-02-24,Acquired,United States,153.0,2023,2
Merative,Ann Arbor,Healthcare,200.0,0.1,2023-02-23,Acquired,United States,,2023,2
OneFootball,Berlin,Marketing,150.0,0.32,2023-02-23,Series D,Germany,442.0,2023,2
The Iconic,Sydney,Retail,69.0,0.06,2023-02-23,Unknown,Australia,,2023,2
EVgo,Los Angeles,Transportation,40.0,,2023-02-23,Post-IPO,United States,400.0,2023,2
StrongDM,SF Bay Area,Infrastructure,40.0,,2023-02-23,Series B,United States,76.0,2023,2
Dapper Labs,Vancouver,Crypto,,0.2,2023-02-23,Series D,United States,607.0,2023,2
Messari,New York City,Crypto,,0.15,2023-02-23,Series B,United States,61.0,2023,2
Vibrent Health,Washington D.C.,Healthcare,,0.13,2023-02-23,Unknown,United States,,2023,2
Synamedia,London,Media,200.0,0.12,2023-02-22,Unknown,United Kingdom,,2023,2
TaskUs,San Antonio,Support,186.0,,2023-02-22,Post-IPO,United States,279.0,2023,2
Immutable,Sydney,Crypto,,0.11,2023-02-22,Series C,Australia,279.0,2023,2
Jounce Therapeutics,Boston,Healthcare,,0.57,2023-02-22,Acquired,United States,194.0,2023,2
Locomation,Pittsburgh,Transportation,,1.0,2023-02-22,Seed,United States,57.0,2023,2
Polygon,Bengaluru,Crypto,100.0,0.2,2023-02-21,Unknown,India,451.0,2023,2
Crunchyroll,Tokyo,Media,85.0,,2023-02-21,Unknown,Japan,26.0,2023,2
Ethos Life,SF Bay Area,Finance,50.0,,2023-02-21,Series D,United States,406.0,2023,2
Bolt,Lagos,Transportation,17.0,,2023-02-21,Series F,Nigeria,,2023,2
MyGate,Bengaluru,Other,200.0,0.3,2023-02-20,Series B,India,79.0,2023,2
Fireblocks,New York City,Crypto,30.0,0.05,2023-02-20,Series E,United States,1000.0,2023,2
Kinde,Sydney,Other,8.0,0.28,2023-02-20,Seed,Australia,10.0,2023,2
Fipola,Chennai,Food,,1.0,2023-02-20,Series A,United States,9.0,2023,2
HP,Tel Aviv,Hardware,100.0,,2023-02-19,Post-IPO,Israel,4200.0,2023,2
Tencent,Shenzen,Consumer,300.0,,2023-02-17,Post-IPO,China,12600.0,2023,2
Evernote,SF Bay Area,Consumer,129.0,,2023-02-17,Acquired,United States,290.0,2023,2
Chipper Cash,SF Bay Area,Finance,100.0,0.33,2023-02-17,Series C,United States,302.0,2023,2
DocuSign,SF Bay Area,Sales,680.0,0.1,2023-02-16,Post-IPO,United States,536.0,2023,2
Pico Interactive,SF Bay Area,Other,400.0,0.2,2023-02-16,Acquired,United States,62.0,2023,2
The RealReal,SF Bay Area,Retail,230.0,0.07,2023-02-16,Post-IPO,United States,356.0,2023,2
Smartsheet,Seattle,Other,85.0,0.03,2023-02-16,Post-IPO,United States,152.0,2023,2
Wix,Tel Aviv,Marketing,370.0,0.06,2023-02-15,Post-IPO,Israel,58.0,2023,2
ServiceTitan,Los Angeles,Sales,221.0,0.08,2023-02-15,Series G,United States,1100.0,2023,2
Neon,Sao Paulo,Finance,210.0,0.09,2023-02-15,Series D,Brazil,720.0,2023,2
Jellysmack,Paris,Media,208.0,,2023-02-15,Series C,France,22.0,2023,2
DigitalOcean,New York City,Infrastructure,200.0,0.11,2023-02-15,Post-IPO,United States,491.0,2023,2
Sprinklr,New York City,Support,100.0,0.04,2023-02-15,Post-IPO,United States,429.0,2023,2
Betterment,New York City,Finance,28.0,,2023-02-15,Series F,United States,435.0,2023,2
Milkrun,Sydney,Food,,0.2,2023-02-15,Series A,Australia,86.0,2023,2
Momentive,SF Bay Area,Marketing,,0.14,2023-02-15,Post-IPO,United States,1100.0,2023,2
Tackle,Boise,Other,,0.15,2023-02-15,Series C,United States,148.0,2023,2
Vicarious Surgical,Boston,Healthcare,,0.14,2023-02-15,Post-IPO,United States,185.0,2023,2
CommerceHub,Albany,Retail,371.0,0.31,2023-02-14,Acquired,United States,,2023,2
HackerEarth,SF Bay Area,Hr,,0.08,2023-02-14,Series B,United States,11.0,2023,2
PhableCare,Bengaluru,Healthcare,,0.7,2023-02-14,Series B,India,40.0,2023,2
Udemy,SF Bay Area,Education,,0.1,2023-02-14,Post-IPO,United States,311.0,2023,2
Twilio,SF Bay Area,Other,1500.0,0.17,2023-02-13,Post-IPO,United States,614.0,2023,2
Electric,New York City,Other,141.0,0.25,2023-02-13,Series D,United States,212.0,2023,2
EMX Digital,New York City,Marketing,100.0,1.0,2023-02-13,Unknown,United States,,2023,2
PetLove,Sao Paulo,Retail,94.0,,2023-02-13,Series C,Brazil,225.0,2023,2
iRobot,Boston,Consumer,85.0,0.07,2023-02-13,Acquired,United States,30.0,2023,2
Collective Health,SF Bay Area,Healthcare,54.0,,2023-02-13,Series F,United States,719.0,2023,2
Magic Eden,SF Bay Area,Crypto,22.0,,2023-02-13,Series B,United States,170.0,2023,2
Casavo,Milan,Real Estate,,0.3,2023-02-13,Unknown,Italy,708.0,2023,2
Moladin,Jakarta,Transportation,360.0,0.11,2023-02-12,Series B,Indonesia,138.0,2023,2
TripleLift,New York City,Marketing,100.0,0.2,2023-02-10,Acquired,United States,16.0,2023,2
TikTok India,Mumbai,Consumer,40.0,,2023-02-10,Acquired,India,9400.0,2023,2
Rigetti Computing,SF Bay Area,Hardware,,0.28,2023-02-10,Post-IPO,United States,298.0,2023,2
Yahoo,SF Bay Area,Consumer,1600.0,0.2,2023-02-09,Acquired,United States,6.0,2023,2
Misfits Market,Philadelphia,Food,649.0,0.33,2023-02-09,Series C,United States,526.0,2023,2
Deliveroo,London,Food,350.0,0.09,2023-02-09,Post-IPO,United Kingdom,1700.0,2023,2
Olive AI,Columbus,Healthcare,215.0,0.35,2023-02-09,Series H,United States,856.0,2023,2
Oportun,SF Bay Area,Finance,155.0,0.1,2023-02-09,Post-IPO,United States,566.0,2023,2
GitLab,SF Bay Area,Product,130.0,0.07,2023-02-09,Post-IPO,United States,413.0,2023,2
Bark,New York City,Retail,126.0,0.12,2023-02-09,Post-IPO,United States,,2023,2
Nomad Health,New York City,Healthcare,119.0,0.17,2023-02-09,Unknown,United States,218.0,2023,2
Veriff,Tallinn,Security,66.0,0.12,2023-02-09,Series C,Estonia,192.0,2023,2
REE Automotive,Tel Aviv,Transportation,31.0,0.11,2023-02-09,Post-IPO,Israel,317.0,2023,2
GitHub,SF Bay Area,Product,,0.1,2023-02-09,Acquired,United States,350.0,2023,2
WeTrade,Bengaluru,Crypto,,1.0,2023-02-09,Unknown,India,,2023,2
GoDaddy,Phoenix,Marketing,530.0,0.08,2023-02-08,Post-IPO,United States,800.0,2023,2
Affirm,SF Bay Area,Finance,500.0,0.19,2023-02-08,Post-IPO,United States,1500.0,2023,2
Gusto,SF Bay Area,Hr,126.0,0.05,2023-02-08,Series E,United States,746.0,2023,2
Gong,SF Bay Area,Sales,80.0,0.07,2023-02-08,Series E,United States,583.0,2023,2
Beam Benefits,Columbus,Healthcare,31.0,0.08,2023-02-08,Series E,United States,168.0,2023,2
Equitybee,SF Bay Area,Finance,24.0,0.25,2023-02-08,Series B,United States,85.0,2023,2
Baraja,Sydney,Transportation,,0.75,2023-02-08,Unknown,Australia,63.0,2023,2
Koho,Toronto,Finance,,0.14,2023-02-08,Series D,Canada,278.0,2023,2
Medly,New York City,Healthcare,,1.0,2023-02-08,Series C,United States,100.0,2023,2
Nearmap,Sydney,Construction,,0.2,2023-02-08,Acquired,Australia,15.0,2023,2
Zoom,SF Bay Area,Other,1300.0,0.15,2023-02-07,Post-IPO,United States,276.0,2023,2
eBay,SF Bay Area,Retail,500.0,0.04,2023-02-07,Post-IPO,United States,1200.0,2023,2
SecureWorks,Atlanta,Security,212.0,0.09,2023-02-07,Post-IPO,United States,83.0,2023,2
Salesloft,Atlanta,Sales,100.0,0.1,2023-02-07,Acquired,United States,245.0,2023,2
Openpay,Melbourne,Finance,83.0,1.0,2023-02-07,Post-IPO,Australia,299.0,2023,2
LearnUpon,Dublin,Education,27.0,0.09,2023-02-07,Private Equity,Ireland,56.0,2023,2
Sana Benefits,Austin,Hr,,0.19,2023-02-07,Series B,United States,106.0,2023,2
Dell,Austin,Hardware,6650.0,0.05,2023-02-06,Post-IPO,United States,,2023,2
Loggi,Sao Paulo,Logistics,300.0,0.07,2023-02-06,Series F,Brazil,507.0,2023,2
Catch.com.au,Melbourne,Retail,100.0,,2023-02-06,Acquired,Australia,80.0,2023,2
VinFast US,Los Angeles,Transportation,80.0,,2023-02-06,Subsidiary,United States,,2023,2
Drift,Boston,Marketing,59.0,,2023-02-06,Acquired,United States,107.0,2023,2
Pocket Aces,Mumbai,Media,50.0,0.25,2023-02-06,Unknown,India,19.0,2023,2
Clari,SF Bay Area,Sales,20.0,,2023-02-06,Series F,United States,496.0,2023,2
Daraz,Singapore,Retail,,0.11,2023-02-06,Unknown,Singapore,,2023,2
Kyruus,Boston,Healthcare,70.0,,2023-02-05,Unknown,United States,183.0,2023,2
Lightico,Tel Aviv,Finance,20.0,0.25,2023-02-05,Series B,Israel,42.0,2023,2
FarEye,New Delhi,Logistics,90.0,,2023-02-03,Series E,India,150.0,2023,2
Protocol Labs,SF Bay Area,Crypto,89.0,0.2,2023-02-03,Unknown,United States,10.0,2023,2
Finder,Sydney,Retail,,0.15,2023-02-03,Unknown,Australia,30.0,2023,2
Byju's,Bengaluru,Education,1500.0,,2023-02-02,Private Equity,India,5500.0,2023,2
Okta,SF Bay Area,Security,300.0,0.05,2023-02-02,Post-IPO,United States,1200.0,2023,2
Autodesk,SF Bay Area,Other,250.0,0.02,2023-02-02,Post-IPO,United States,,2023,2
Mindstrong,SF Bay Area,Healthcare,127.0,,2023-02-02,Series C,United States,160.0,2023,2
NCC Group,Manchester,Security,125.0,0.07,2023-02-02,Post-IPO,United Kingdom,,2023,2
Miro,SF Bay Area,Other,119.0,0.07,2023-02-02,Series C,United States,476.0,2023,2
Getir,New York City,Food,100.0,,2023-02-02,Series E,United States,1800.0,2023,2
Highspot,Seattle,Sales,100.0,0.1,2023-02-02,Series F,United States,644.0,2023,2
Bittrex,Seattle,Crypto,80.0,,2023-02-02,Unknown,United States,,2023,2
Snowplow,London,Data,40.0,,2023-02-02,Series B,United States,55.0,2023,2
Articulate,New York City,Education,38.0,,2023-02-02,Series A,United States,1500.0,2023,2
Getaround,SF Bay Area,Transportation,,0.1,2023-02-02,Post-IPO,United States,948.0,2023,2
NCSoft,Seoul,Consumer,,0.2,2023-02-02,Post-IPO,South Korea,240.0,2023,2
Splunk,SF Bay Area,Data,325.0,0.04,2023-02-01,Post-IPO,United States,2400.0,2023,2
Pinterest,SF Bay Area,Consumer,150.0,,2023-02-01,Post-IPO,United States,1500.0,2023,2
DraftKings,Boston,Consumer,140.0,0.04,2023-02-01,Post-IPO,United States,719.0,2023,2
Cyren,Washington D.C.,Security,121.0,,2023-02-01,Post-IPO,United States,161.0,2023,2
Workato,SF Bay Area,Other,90.0,0.1,2023-02-01,Series E,United States,415.0,2023,2
VerticalScope,Toronto,Media,60.0,0.22,2023-02-01,Post-IPO,Canada,,2023,2
Wheel,Austin,Healthcare,56.0,0.28,2023-02-01,Series C,United States,215.0,2023,2
Chainalysis,New York City,Crypto,44.0,0.05,2023-02-01,Series F,United States,536.0,2023,2
Appgate,Miami,Security,34.0,0.08,2023-02-01,Post-IPO,United States,,2023,2
Exterro,Portland,Legal,24.0,0.03,2023-02-01,Private Equity,United States,100.0,2023,2
TheSkimm,New York City,Media,17.0,0.1,2023-02-01,Series C,United States,28.0,2023,2
Bustle Digital Group,New York City,Media,,0.08,2023-02-01,Series E,United States,80.0,2023,2
Frequency Therapeutics,Boston,Healthcare,,0.5,2023-02-01,Post-IPO,United States,76.0,2023,2
MariaDB,Helsinki,Data,,0.08,2023-02-01,Post-IPO,Finland,245.0,2023,2
Match Group,New York City,Consumer,,0.08,2023-02-01,Post-IPO,United States,,2023,2
Rivian,Detroit,Transportation,,0.06,2023-02-01,Post-IPO,United States,10700.0,2023,2
PayPal,SF Bay Area,Finance,2000.0,0.07,2023-01-31,Post-IPO,United States,216.0,2023,1
NetApp,SF Bay Area,Data,960.0,0.08,2023-01-31,Post-IPO,United States,,2023,1
Workday,SF Bay Area,Hr,525.0,0.03,2023-01-31,Post-IPO,United States,230.0,2023,1
HubSpot,Boston,Marketing,500.0,0.07,2023-01-31,Post-IPO,United States,100.0,2023,1
Upstart,SF Bay Area,Finance,365.0,0.2,2023-01-31,Post-IPO,United States,144.0,2023,1
Software AG,Frankfurt,Data,200.0,0.04,2023-01-31,Post-IPO,Germany,344.0,2023,1
Wish,SF Bay Area,Retail,150.0,0.17,2023-01-31,Post-IPO,United States,1600.0,2023,1
Wefox,Berlin,Finance,100.0,,2023-01-31,Series D,Germany,1300.0,2023,1
Tilting Point,New York City,Consumer,60.0,0.14,2023-01-31,Unknown,United States,235.0,2023,1
Gokada,Lagos,Transportation,54.0,,2023-01-31,Unknown,Nigeria,12.0,2023,1
AU10TIX,Tel Aviv,Security,19.0,0.09,2023-01-31,Unknown,Israel,80.0,2023,1
National Instruments,Austin,Hardware,,0.04,2023-01-31,Post-IPO,United States,,2023,1
OpenText,Waterloo,Data,,0.08,2023-01-31,Post-IPO,Canada,1100.0,2023,1
Philips,Amsterdam,Healthcare,6000.0,0.13,2023-01-30,Post-IPO,Netherlands,,2023,1
OLX Group,Amsterdam,Marketing,1500.0,0.15,2023-01-30,Acquired,Netherlands,,2023,1
Arrival,London,Transportation,800.0,0.5,2023-01-30,Post-IPO,United Kingdom,629.0,2023,1
Groupon,Chicago,Retail,500.0,,2023-01-30,Post-IPO,United States,1400.0,2023,1
Intel,SF Bay Area,Hardware,343.0,,2023-01-30,Post-IPO,United States,12.0,2023,1
Glovo,Barcelona,Food,250.0,0.06,2023-01-30,Acquired,Spain,1200.0,2023,1
Delivery Hero,Berlin,Food,156.0,0.04,2023-01-30,Post-IPO,Germany,9900.0,2023,1
Impossible Foods copy,SF Bay Area,Food,140.0,0.2,2023-01-30,Series H,United States,1900.0,2023,1
Chrono24,Karlsruhe,Retail,65.0,0.13,2023-01-30,Series C,Germany,205.0,2023,1
BM Technologies,Philadelphia,Finance,,0.25,2023-01-30,Post-IPO,United States,,2023,1
Prime Trust,Las Vegas,Crypto,,0.33,2023-01-30,Series B,United States,176.0,2023,1
Quantum SI,New Haven,Healthcare,,0.12,2023-01-30,Post-IPO,United States,425.0,2023,1
Me Poupe,Sao Paulo,Finance,60.0,0.5,2023-01-28,Unknown,Brazil,,2023,1
CoinTracker,SF Bay Area,Crypto,19.0,,2023-01-28,Series A,United States,101.0,2023,1
SSense,Montreal,Retail,138.0,0.07,2023-01-27,Series A,Canada,,2023,1
DealShare,Bengaluru,Retail,100.0,0.06,2023-01-27,Series E,India,390.0,2023,1
Ruggable,Los Angeles,Retail,100.0,,2023-01-27,Seed,United States,,2023,1
Synopsys,SF Bay Area,Other,100.0,,2023-01-27,Post-IPO,United States,,2023,1
Heycar,Berlin,Transportation,73.0,,2023-01-27,Unknown,Germany,,2023,1
Matrixport,Singapore,Crypto,29.0,0.1,2023-01-27,Series C,Singapore,100.0,2023,1
Shakepay,Montreal,Crypto,21.0,0.25,2023-01-27,Series A,Canada,45.0,2023,1
#Paid,Toronto,Marketing,19.0,0.17,2023-01-27,Series B,Canada,21.0,2023,1
SAP,Walldorf,Other,3000.0,0.03,2023-01-26,Post-IPO,Germany,1300.0,2023,1
Confluent,SF Bay Area,Data,221.0,0.08,2023-01-26,Post-IPO,United States,455.0,2023,1
DriveWealth,Jersey City,Finance,,0.2,2023-01-26,Series D,United States,550.0,2023,1
Mode Global,London,Finance,,1.0,2023-01-26,Post-IPO,United Kingdom,,2023,1
Plus One Robotics,San Antonio,Other,,0.1,2023-01-26,Series B,United States,43.0,2023,1
IBM,New York City,Hardware,3900.0,0.02,2023-01-25,Post-IPO,United States,,2023,1
Lam Research,SF Bay Area,Hardware,1300.0,0.07,2023-01-25,Post-IPO,United States,,2023,1
Shutterfly,SF Bay Area,Retail,360.0,,2023-01-25,Acquired,United States,50.0,2023,1
Luno,London,Crypto,330.0,0.35,2023-01-25,Acquired,United Kingdom,13.0,2023,1
Clear Capital,Reno,Real Estate,250.0,0.25,2023-01-25,Unknown,United States,,2023,1
Guardant Health,SF Bay Area,Healthcare,130.0,0.07,2023-01-25,Post-IPO,United States,550.0,2023,1
SirionLabs,Seattle,Legal,130.0,0.15,2023-01-25,Series D,United States,171.0,2023,1
Tier Mobility,Berlin,Transportation,80.0,0.07,2023-01-25,Series D,Germany,646.0,2023,1
PagSeguro,Sao Paulo,Finance,,0.07,2023-01-25,Post-IPO,Brazil,,2023,1
Prosus,Amsterdam,Other,,0.3,2023-01-25,Unknown,Netherlands,,2023,1
Vacasa,Portland,Travel,1300.0,0.17,2023-01-24,Post-IPO,United States,834.0,2023,1
Innovaccer,SF Bay Area,Healthcare,245.0,0.15,2023-01-24,Series E,United States,379.0,2023,1
Bolt,SF Bay Area,Finance,50.0,0.1,2023-01-24,Series E,United States,1300.0,2023,1
PartnerStack,Toronto,Sales,40.0,0.2,2023-01-24,Series B,Canada,36.0,2023,1
Gitpod,Kiel,Product,21.0,0.28,2023-01-24,Series A,Germany,41.0,2023,1
OFFOR Health,Columbus,Healthcare,16.0,,2023-01-24,Series A,United States,14.0,2023,1
Venngage,Toronto,Marketing,11.0,0.2,2023-01-24,Unknown,Canada,,2023,1
CoachHub,Berlin,Hr,,0.1,2023-01-24,Series C,Germany,332.0,2023,1
Corvus Insurance,Boston,Finance,,0.14,2023-01-24,Series C,United States,160.0,2023,1
PagerDuty,SF Bay Area,Product,,0.07,2023-01-24,Post-IPO,United States,173.0,2023,1
Scoro,London,Hr,,0.09,2023-01-24,Series B,United Kingdom,23.0,2023,1
Spotify,Stockholm,Media,600.0,0.06,2023-01-23,Post-IPO,Sweden,2100.0,2023,1
Uber Freight,SF Bay Area,Logistics,150.0,0.03,2023-01-23,Subsidiary,United States,2700.0,2023,1
Inmobi,Bengaluru,Marketing,50.0,,2023-01-23,Unknown,India,320.0,2023,1
Innovid,New York City,Marketing,40.0,0.1,2023-01-23,Post-IPO,United States,295.0,2023,1
Booktopia,Sydney,Retail,30.0,,2023-01-23,Series A,Australia,23.0,2023,1
Ermetic,SF Bay Area,Security,30.0,0.17,2023-01-23,Series B,United States,97.0,2023,1
Namogoo,Tel Aviv,Marketing,20.0,0.15,2023-01-23,Series C,United States,69.0,2023,1
Camp K12,Gurugram,Education,,0.7,2023-01-23,Series A,India,16.0,2023,1
Gemini,New York City,Crypto,,0.1,2023-01-23,Unknown,United States,423.0,2023,1
Yext,New York City,Marketing,,0.08,2023-01-23,Post-IPO,United States,117.0,2023,1
Google,SF Bay Area,Consumer,12000.0,0.06,2023-01-20,Post-IPO,United States,26.0,2023,1
Wayfair,Boston,Retail,1750.0,0.1,2023-01-20,Post-IPO,United States,1700.0,2023,1
Swiggy,Bengaluru,Food,380.0,0.06,2023-01-20,Unknown,India,3600.0,2023,1
MediBuddy,Bengaluru,Healthcare,200.0,,2023-01-20,Acquired,India,192.0,2023,1
Vox Media,Washington D.C.,Media,130.0,0.07,2023-01-20,Series F,United States,307.0,2023,1
BitTorrent,SF Bay Area,Infrastructure,92.0,,2023-01-20,Acquired,United States,,2023,1
Karat,Seattle,Hr,47.0,,2023-01-20,Unknown,United States,169.0,2023,1
Enjoei,Sao Paulo,Retail,31.0,0.1,2023-01-20,Unknown,Brazil,14.0,2023,1
Edifecs,Seattle,Healthcare,30.0,,2023-01-20,Unknown,United States,1.0,2023,1
Citrine Informatics,SF Bay Area,Data,22.0,0.27,2023-01-20,Series C,United States,64.0,2023,1
Cyteir Therapeutics,Boston,Healthcare,,0.7,2023-01-20,Series C,United States,156.0,2023,1
Capital One,Washington D.C.,Finance,1100.0,,2023-01-19,Post-IPO,United States,,2023,1
Proterra,SF Bay Area,Transportation,300.0,,2023-01-19,Post-IPO,United States,1200.0,2023,1
WeWork ,New York City,Real Estate,300.0,,2023-01-19,Post-IPO,United States,22200.0,2023,1
Hubilo,SF Bay Area,Other,115.0,0.35,2023-01-19,Series B,United States,153.0,2023,1
Saks.com,New York City,Retail,100.0,0.05,2023-01-19,Unknown,United States,965.0,2023,1
CS Disco,Austin,Legal,62.0,0.09,2023-01-19,Post-IPO,United States,233.0,2023,1
Riot Games,Los Angeles,Consumer,46.0,,2023-01-19,Acquired,United States,21.0,2023,1
Hydrow,Boston,Fitness,30.0,,2023-01-19,Series D,United States,269.0,2023,1
Earth Rides,Nashville,Transportation,,1.0,2023-01-19,Unknown,United States,2.0,2023,1
Magnite,Los Angeles,Marketing,,0.06,2023-01-19,Post-IPO,United States,400.0,2023,1
Mudafy,Mexico City,Real Estate,,0.7,2023-01-19,Series A,United States,13.0,2023,1
Personalis,SF Bay Area,Healthcare,,0.3,2023-01-19,Post-IPO,United States,225.0,2023,1
Prisma,SF Bay Area,Data,,0.28,2023-01-19,Series B,United States,56.0,2023,1
Wallbox,Barcelona,Energy,,0.15,2023-01-19,Post-IPO,Spain,167.0,2023,1
Microsoft,Seattle,Other,10000.0,0.05,2023-01-18,Post-IPO,United States,1.0,2023,1
Sophos,Oxford,Security,450.0,0.1,2023-01-18,Acquired,United States,125.0,2023,1
Teladoc Health,New York City,Healthcare,300.0,0.06,2023-01-18,Post-IPO,United States,172.0,2023,1
Vroom,New York City,Transportation,275.0,0.2,2023-01-18,Post-IPO,United States,1300.0,2023,1
8x8,SF Bay Area,Support,155.0,0.07,2023-01-18,Post-IPO,United States,253.0,2023,1
Pagaya,New York City,Finance,140.0,0.2,2023-01-18,Post-IPO,United States,571.0,2023,1
Benevity,Calgary,Other,137.0,0.14,2023-01-18,Unknown,Canada,69.0,2023,1
Inspirato,Denver,Travel,109.0,0.12,2023-01-18,Post-IPO,United States,179.0,2023,1
Jumpcloud,Boulder,Security,100.0,0.12,2023-01-18,Series F,United States,416.0,2023,1
nCino,Wilmington,Finance,100.0,0.07,2023-01-18,Post-IPO,United States,1100.0,2023,1
Starry,Boston,Other,100.0,0.24,2023-01-18,Post-IPO,United States,260.0,2023,1
Hootsuite,Vancouver,Marketing,70.0,0.07,2023-01-18,Series C,Canada,300.0,2023,1
Clue,Berlin,Healthcare,31.0,0.31,2023-01-18,Unknown,Germany,47.0,2023,1
Addepar,SF Bay Area,Finance,20.0,0.03,2023-01-18,Series F,United States,491.0,2023,1
80 Acres Farms,Cincinnati,Food,,0.1,2023-01-18,Unknown,United States,275.0,2023,1
Aiven,Helsinki,Infrastructure,,0.2,2023-01-18,Series D,Finland,420.0,2023,1
Bally's Interactive,Providence,Unknown,,0.15,2023-01-18,Post-IPO,United States,946.0,2023,1
Betterfly,Santiago,Healthcare,,0.3,2023-01-18,Series C,Chile,204.0,2023,1
Lucid Diagnostics,New York City,Healthcare,,0.2,2023-01-18,Post-IPO,United States,,2023,1
Redbubble,Melbourne,Retail,,0.14,2023-01-18,Post-IPO,Australia,55.0,2023,1
Lightspeed Commerce,Montreal,Retail,300.0,0.1,2023-01-17,Post-IPO,Canada,1200.0,2023,1
Unity,SF Bay Area,Other,284.0,0.03,2023-01-17,Post-IPO,United States,1300.0,2023,1
Britishvolt,London,Transportation,206.0,1.0,2023-01-17,Unknown,United Kingdom,2400.0,2023,1
Clutch,Toronto,Transportation,150.0,,2023-01-17,Unknown,Canada,253.0,2023,1
Exotel,Bengaluru,Support,142.0,0.15,2023-01-17,Series D,India,87.0,2023,1
Unico,Sao Paulo,Other,110.0,0.1,2023-01-17,Series D,Brazil,336.0,2023,1
Tul,Bogota,Construction,100.0,,2023-01-17,Series B,Colombia,218.0,2023,1
American Robotics,Boston,Other,50.0,0.65,2023-01-17,Acquired,United States,92.0,2023,1
Luxury Presence,Los Angeles,Real Estate,44.0,,2023-01-17,Series B,United States,31.0,2023,1
RingCentral,SF Bay Area,Other,30.0,,2023-01-17,Post-IPO,United States,44.0,2023,1
GoMechanic,Gurugram,Transportation,,0.7,2023-01-17,Series C,India,54.0,2023,1
LiveVox,SF Bay Area,Support,,0.16,2023-01-17,Post-IPO,United States,12.0,2023,1
PagBank,Sao Paulo,Finance,500.0,0.07,2023-01-16,Post-IPO,Brazil,,2023,1
ShareChat,Bengaluru,Consumer,500.0,0.2,2023-01-16,Series H,India,1700.0,2023,1
Gramophone,Indore,Food,75.0,,2023-01-16,Series B,India,17.0,2023,1
ClearCo,Toronto,Finance,50.0,0.3,2023-01-16,Series C,Canada,698.0,2023,1
Dunzo,Bengaluru,Food,,0.03,2023-01-16,Unknown,India,382.0,2023,1
Ignition,Sydney,Finance,,0.1,2023-01-16,Series C,Australia,74.0,2023,1
Rebel Foods,Mumbai,Food,,0.02,2023-01-16,Unknown,India,548.0,2023,1
Captain Fresh ,Bengaluru,Food,120.0,,2023-01-15,Series C,India,126.0,2023,1
Snappy,New York City,Marketing,100.0,0.3,2023-01-15,Series C,United States,104.0,2023,1
BharatAgri,Mumbai,Food,40.0,0.43,2023-01-15,Series A,India,21.0,2023,1
DeHaat,Patna,Food,,0.05,2023-01-15,Series E,India,254.0,2023,1
Black Shark,Shenzen,Hardware,900.0,,2023-01-13,Unknown,China,,2023,1
Ola,Bengaluru,Transportation,200.0,,2023-01-13,Series J,India,5000.0,2023,1
Bonterra ,Austin,Other,140.0,0.1,2023-01-13,Unknown,United States,,2023,1
Vial,SF Bay Area,Healthcare,40.0,,2023-01-13,Series B,United States,101.0,2023,1
Arch Oncology,Brisbane,Healthcare,,1.0,2023-01-13,Series C,United States,155.0,2023,1
Jellyfish,Boston,Product,,0.09,2023-01-13,Series C,United States,114.0,2023,1
Lending Club,SF Bay Area,Finance,225.0,0.14,2023-01-12,Post-IPO,United States,392.0,2023,1
SmartNews,Tokyo,Media,120.0,0.4,2023-01-12,Series F,United States,410.0,2023,1
Skit.ai,Bengaluru,Support,115.0,,2023-01-12,Series B,India,28.0,2023,1
Pier,Sao Paulo,Finance,111.0,0.39,2023-01-12,Series B,Brazil,42.0,2023,1
Blockchain.com,London,Crypto,110.0,0.28,2023-01-12,Series D,United Kingdom,490.0,2023,1
Greenlight,Atlanta,Finance,104.0,0.21,2023-01-12,Series D,United States,556.0,2023,1
Cashfree Payments,Bengaluru,Finance,100.0,,2023-01-12,Series B,India,41.0,2023,1
Mapbox,Washington D.C.,Data,64.0,,2023-01-12,Unknown,United States,334.0,2023,1
Definitive Healthcare,Boston,Healthcare,55.0,0.06,2023-01-12,Post-IPO,United States,,2023,1
Akili Labs,Baltimore,Healthcare,46.0,0.3,2023-01-12,Seed,United States,,2023,1
Career Karma,SF Bay Area,Education,22.0,,2023-01-12,Series B,United States,51.0,2023,1
Crypto.com,Singapore,Crypto,,0.2,2023-01-12,Unknown,United States,,2023,1
Lattice,SF Bay Area,Hr,,0.15,2023-01-12,Series F,United States,328.0,2023,1
Life360,SF Bay Area,Consumer,,0.14,2023-01-12,Post-IPO,United States,158.0,2023,1
Rock Content,Miami,Marketing,,0.15,2023-01-12,Series B,United States,34.0,2023,1
Flexport,SF Bay Area,Logistics,640.0,0.2,2023-01-11,Series E,United States,2400.0,2023,1
Qualtrics,Salt Lake City,Other,270.0,0.05,2023-01-11,Post-IPO,United States,400.0,2023,1
Verily,SF Bay Area,Healthcare,250.0,0.15,2023-01-11,,United States,3500.0,2023,1
Tipalti,SF Bay Area,Finance,123.0,0.11,2023-01-11,Series F,United States,565.0,2023,1
Jumio,SF Bay Area,Security,100.0,0.06,2023-01-11,Private Equity,United States,205.0,2023,1
CoinDCX,Mumbai,Crypto,80.0,,2023-01-11,Series D,India,244.0,2023,1
HashiCorp,SF Bay Area,Security,69.0,,2023-01-11,Post-IPO,United States,349.0,2023,1
Embark,Boston,Healthcare,41.0,,2023-01-11,Series B,United States,94.0,2023,1
Intrinsic,SF Bay Area,Other,40.0,0.2,2023-01-11,Acquired,United States,,2023,1
Citizen,New York City,Consumer,33.0,,2023-01-11,Series C,United States,133.0,2023,1
Carta,SF Bay Area,Hr,,0.1,2023-01-11,Series G,United States,1100.0,2023,1
Limeade,Seattle,Hr,,0.15,2023-01-11,Series C,United States,33.0,2023,1
Paddle,London,Finance,,0.08,2023-01-11,Series D,United Kingdom,293.0,2023,1
Coinbase,SF Bay Area,Crypto,950.0,0.2,2023-01-10,Post-IPO,United States,549.0,2023,1
Informatica,SF Bay Area,Data,450.0,0.07,2023-01-10,Post-IPO,United States,,2023,1
Blend,SF Bay Area,Finance,340.0,0.28,2023-01-10,Post-IPO,United States,665.0,2023,1
Till Payments,Sydney,Finance,120.0,,2023-01-10,Series C,Australia,95.0,2023,1
ConsenSys,New York City,Crypto,100.0,0.11,2023-01-10,Series D,United States,726.0,2023,1
ForeScout,SF Bay Area,Security,100.0,0.1,2023-01-10,Post-IPO,United States,125.0,2023,1
Thinkific,Vancouver,Education,76.0,0.19,2023-01-10,Post-IPO,Canada,22.0,2023,1
LEAD,Mumbai,Education,60.0,,2023-01-10,Series E,India,190.0,2023,1
Parler,Nashville,Consumer,60.0,0.75,2023-01-10,Series B,United States,36.0,2023,1
GoBolt,Toronto,Logistics,55.0,0.05,2023-01-10,Series C,Canada,178.0,2023,1
Relevel,Bengaluru,Hr,40.0,0.2,2023-01-10,,India,,2023,1
StreamElements,Tel Aviv,Media,40.0,0.2,2023-01-10,Series B,Israel,111.0,2023,1
Beamery,London,Hr,,0.12,2023-01-10,Series D,United States,223.0,2023,1
Citrix,Miami,Infrastructure,,0.15,2023-01-10,Acquired,United States,20.0,2023,1
Esper,Seattle,Other,,0.21,2023-01-10,Series A,United States,10.0,2023,1
WHOOP,Boston,Fitness,,0.04,2023-01-10,Series F,United States,404.0,2023,1
Fate Therapeutics,San Diego,Healthcare,315.0,0.57,2023-01-09,Post-IPO,United States,1200.0,2023,1
Editas Medicine,Boston,Healthcare,,0.2,2023-01-09,Post-IPO,United States,656.0,2023,1
Scale AI,SF Bay Area,Data,,0.2,2023-01-09,Series E,United States,602.0,2023,1
Minute Media,London,Media,50.0,0.1,2023-01-08,Series I,United Kingdom,160.0,2023,1
WalkMe,SF Bay Area,Other,43.0,0.03,2023-01-08,Post-IPO,United States,307.0,2023,1
Huobi,Beijing,Crypto,275.0,0.2,2023-01-06,Unknown,China,2.0,2023,1
Carbon Health,SF Bay Area,Healthcare,200.0,,2023-01-06,Series D,United States,522.0,2023,1
Bounce,Bengaluru,Transportation,40.0,0.05,2023-01-06,Series D,India,214.0,2023,1
Lantern,Grand Rapids,Retail,,1.0,2023-01-06,Seed,United States,40.0,2023,1
Mojo Vision,SF Bay Area,Hardware,,0.75,2023-01-06,Series B,United States,204.0,2023,1
SuperRare,Wilmington,Crypto,,0.3,2023-01-06,Series A,United States,9.0,2023,1
Cue,San Diego,Healthcare,388.0,,2023-01-05,Post-IPO,United States,999.0,2023,1
SoundHound,SF Bay Area,Other,200.0,0.5,2023-01-05,Post-IPO,United States,326.0,2023,1
Socure,Reno,Finance,104.0,0.19,2023-01-05,Series E,United States,646.0,2023,1
Genesis,New York City,Crypto,60.0,0.3,2023-01-05,Series A,United States,,2023,1
Moglix,Singapore,Retail,40.0,0.02,2023-01-05,Series F,Singapore,472.0,2023,1
Twitter,SF Bay Area,Consumer,40.0,,2023-01-05,Post-IPO,United States,12900.0,2023,1
Everlane,SF Bay Area,Retail,30.0,0.17,2023-01-05,Unknown,United States,176.0,2023,1
Pecan AI,Tel Aviv,Data,30.0,0.25,2023-01-05,Series C,Israel,116.0,2023,1
Personetics,New York City,Support,30.0,0.08,2023-01-05,Private Equity,United States,178.0,2023,1
Twine Solutions ,Tel Aviv,Hardware,30.0,0.33,2023-01-05,Unknown,Israel,50.0,2023,1
UpScalio,Gurugram,Retail,25.0,0.15,2023-01-05,Series B,India,62.0,2023,1
Attentive,New York City,Marketing,,0.15,2023-01-05,Series E,United States,863.0,2023,1
Stitch Fix,SF Bay Area,Retail,,0.2,2023-01-05,Post-IPO,United States,79.0,2023,1
TCR2,Boston,Healthcare,,0.4,2023-01-05,Post-IPO,United States,173.0,2023,1
Amazon,Seattle,Retail,8000.0,0.02,2023-01-04,Post-IPO,United States,108.0,2023,1
Salesforce,SF Bay Area,Sales,8000.0,0.1,2023-01-04,Post-IPO,United States,65.0,2023,1
Astronomer,Cincinnati,Data,76.0,0.2,2023-01-04,Series C,United States,282.0,2023,1
Kaltura,New York City,Media,75.0,0.11,2023-01-04,Post-IPO,United States,166.0,2023,1
Augury,New York City,Manufacturing,20.0,0.05,2023-01-04,Series E,United States,274.0,2023,1
Butterfly Network,Boston,Healthcare,,0.25,2023-01-04,Post-IPO,United States,530.0,2023,1
Vimeo,New York City,Consumer,,0.11,2023-01-04,Post-IPO,United States,450.0,2023,1
Wyre,SF Bay Area,Crypto,,1.0,2023-01-04,Unknown,United States,29.0,2023,1
Pegasystems,Boston,Hr,245.0,0.04,2023-01-03,Post-IPO,United States,,2023,1
Uniphore,SF Bay Area,Support,76.0,0.1,2023-01-03,Series E,United States,620.0,2023,1
Harappa,New Delhi,Education,60.0,0.3,2023-01-03,Acquired,India,,2023,1
ByteDance,Shanghai,Consumer,,0.1,2023-01-03,Unknown,China,9400.0,2023,1
Amdocs,St. Louis,Support,700.0,0.03,2023-01-02,Post-IPO,United States,,2023,1
Bilibili,Shanghai,Media,,0.3,2022-12-27,Post-IPO,China,3700.0,2022,12
Octopus Network,Beau Vallon,Crypto,,0.4,2022-12-27,Series A,Seychelles,8.0,2022,12
PayU,Amsterdam,Finance,150.0,0.06,2022-12-26,Acquired,Netherlands,,2022,12
Element,London,Other,,0.15,2022-12-25,Series B,United Kingdom,96.0,2022,12
Willow,Sydney,Real Estate,99.0,0.22,2022-12-23,Unknown,Australia,,2022,12
Back Market,Paris,Retail,93.0,0.13,2022-12-23,Series E,France,1000.0,2022,12
Zoopla,London,Real Estate,50.0,,2022-12-23,Series C,United Kingdom,25.0,2022,12
Qualcomm,San Diego,Hardware,153.0,,2022-12-22,Post-IPO,United States,,2022,12
TuSimple,San Diego,Transportation,350.0,0.25,2022-12-21,Post-IPO,United States,648.0,2022,12
Lendis,Berlin,Other,,0.5,2022-12-21,Series A,Germany,90.0,2022,12
Chope,Singapore,Food,65.0,0.24,2022-12-20,Series E,Singapore,50.0,2022,12
Briza,Toronto,Finance,26.0,0.4,2022-12-20,Series A,Canada,10.0,2022,12
Zhihu,Beijing,Consumer,,0.1,2022-12-20,Series F,China,892.0,2022,12
Homebot,Denver,Real Estate,18.0,0.13,2022-12-19,Acquired,United States,4.0,2022,12
YourGrocer,Melbourne,Food,,1.0,2022-12-19,Unknown,Australia,2.0,2022,12
Tomorrow,Hamburg,Finance,30.0,0.25,2022-12-16,Unknown,Germany,29.0,2022,12
Revelate,Montreal,Data,24.0,0.3,2022-12-16,Series A,Canada,26.0,2022,12
Improbable,London,Other,,0.1,2022-12-16,Unknown,United Kingdom,704.0,2022,12
Modern Treasury,SF Bay Area,Finance,,0.18,2022-12-16,Series C,United States,183.0,2022,12
Reach,Calgary,Retail,,0.12,2022-12-16,Series A,Canada,30.0,2022,12
SonderMind,Denver,Healthcare,,0.15,2022-12-16,Series C,United States,183.0,2022,12
BigCommerce,Austin,Retail,180.0,0.13,2022-12-15,Post-IPO,United States,224.0,2022,12
Freshworks,SF Bay Area,Support,90.0,0.02,2022-12-15,Post-IPO,United States,484.0,2022,12
LeafLink,New York City,Other,80.0,0.31,2022-12-15,Series C,United States,379.0,2022,12
Workmotion,Berlin,Hr,60.0,0.2,2022-12-15,Series B,United States,76.0,2022,12
Apollo,SF Bay Area,Product,,0.15,2022-12-15,Series D,United States,183.0,2022,12
JD.ID,Jakarta,Retail,200.0,0.3,2022-12-14,Post-IPO,Indonesia,5100.0,2022,12
GoStudent,Vienna,Education,100.0,,2022-12-14,Series D,Austria,686.0,2022,12
Quanergy Systems,SF Bay Area,Transportation,72.0,,2022-12-14,Post-IPO,United States,175.0,2022,12
Headspace,Los Angeles,Healthcare,50.0,0.04,2022-12-14,Unknown,United States,215.0,2022,12
ChowNow,Los Angeles,Food,40.0,0.1,2022-12-14,Series C,United States,64.0,2022,12
Thumbtack,SF Bay Area,Consumer,160.0,0.14,2022-12-13,Series I,United States,698.0,2022,12
Edgio,Phoenix,Infrastructure,95.0,0.1,2022-12-13,Post-IPO,United States,462.0,2022,12
Komodo Health,SF Bay Area,Healthcare,78.0,0.09,2022-12-13,Series E,United States,514.0,2022,12
Viant,Los Angeles,Marketing,46.0,0.13,2022-12-13,Post-IPO,United States,,2022,12
Pluralsight,Salt Lake City,Education,400.0,0.2,2022-12-12,Acquired,United States,192.0,2022,12
Freshly,Phoenix,Food,329.0,,2022-12-12,Acquired,United States,107.0,2022,12
Balto,St. Louis,Sales,35.0,,2022-12-12,Series B,United States,51.0,2022,12
Outschool,SF Bay Area,Education,43.0,0.25,2022-12-10,Series D,United States,240.0,2022,12
Xentral,Munich,Product,20.0,0.1,2022-12-10,Series B,Germany,94.0,2022,12
Playtika,Tel Aviv,Consumer,600.0,0.15,2022-12-09,Post-IPO,Israel,,2022,12
Share Now,Berlin,Transportation,150.0,0.36,2022-12-09,Acquired,Germany,,2022,12
Alice,Sao Paulo,Healthcare,113.0,0.16,2022-12-09,Series C,Brazil,174.0,2022,12
Primer,London,Finance,85.0,0.33,2022-12-09,Series B,United Kingdom,73.0,2022,12
OneFootball,Berlin,Marketing,62.0,0.115,2022-12-09,Series D,Germany,442.0,2022,12
C2FO,Kansas City,Finance,20.0,0.02,2022-12-09,Series H,United States,537.0,2022,12
Brodmann17,Tel Aviv,Other,,1.0,2022-12-09,Series A,Israel,25.0,2022,12
Digital Surge,Brisbane,Crypto,,1.0,2022-12-09,Unknown,Australia,,2022,12
ZenLedger,Seattle,Crypto,,0.1,2022-12-09,Series B,United States,25.0,2022,12
Airtable,SF Bay Area,Product,254.0,0.2,2022-12-08,Series F,United States,1400.0,2022,12
Swiggy,Bengaluru,Food,250.0,0.03,2022-12-08,Unknown,India,3600.0,2022,12
Glints,Singapore,Hr,198.0,0.18,2022-12-08,Series D,Singapore,82.0,2022,12
Buser,Sao Paulo,Transportation,160.0,0.3,2022-12-08,Series C,Brazil,138.0,2022,12
BlackLine,Los Angeles,Finance,95.0,0.05,2022-12-08,Private Equity,United States,220.0,2022,12
Chrono24,Karlsruhe,Retail,80.0,,2022-12-08,Series C,Germany,205.0,2022,12
Otonomo,Tel Aviv,Transportation,80.0,0.5,2022-12-08,Post-IPO,Israel,231.0,2022,12
TechTarget,Boston,Marketing,60.0,0.05,2022-12-08,Post-IPO,United States,115.0,2022,12
Inscripta,Boulder,Healthcare,43.0,,2022-12-08,Series E,United States,459.0,2022,12
CyCognito,SF Bay Area,Security,30.0,0.15,2022-12-08,Series C,United States,153.0,2022,12
Armis,SF Bay Area,Security,25.0,0.04,2022-12-08,Private Equity,United States,537.0,2022,12
Bakkt,Atlanta,Crypto,,0.15,2022-12-08,Post-IPO,United States,932.0,2022,12
Blue Apron,New York City,Food,,0.1,2022-12-08,Post-IPO,United States,352.0,2022,12
Nerdy,St. Louis,Education,,0.17,2022-12-08,Post-IPO,United States,150.0,2022,12
Vanta,SF Bay Area,Security,,0.14,2022-12-08,Series B,United States,203.0,2022,12
Vedantu,Bengaluru,Education,385.0,,2022-12-07,Series E,India,292.0,2022,12
Loft,Sao Paulo,Real Estate,312.0,0.12,2022-12-07,Unknown,Brazil,788.0,2022,12
Plaid,SF Bay Area,Finance,260.0,0.2,2022-12-07,Series D,United States,734.0,2022,12
Motive,SF Bay Area,Transportation,237.0,0.06,2022-12-07,Series F,United States,567.0,2022,12
Recur Forever,Miami,Crypto,235.0,,2022-12-07,Series A,United States,55.0,2022,12
Relativity,Chicago,Legal,150.0,0.1,2022-12-07,Private Equity,United States,125.0,2022,12
Voi,Stockholm,Transportation,130.0,0.13,2022-12-07,Series D,United States,515.0,2022,12
Integral Ad Science,New York City,Marketing,120.0,0.13,2022-12-07,Acquired,United States,116.0,2022,12
Houzz,SF Bay Area,Consumer,95.0,0.08,2022-12-07,Series E,United States,613.0,2022,12
Grover,Berlin,Retail,40.0,0.1,2022-12-07,Unknown,United States,2300.0,2022,12
Lev,New York City,Real Estate,30.0,0.3,2022-12-07,Series B,United States,114.0,2022,12
Lithic,New York City,Finance,27.0,0.18,2022-12-07,Series C,United States,115.0,2022,12
CircleCI,SF Bay Area,Product,,0.17,2022-12-07,Series F,United States,315.0,2022,12
Sayurbox,Jakarta,Food,,0.05,2022-12-07,Series C,Indonesia,139.0,2022,12
Doma,SF Bay Area,Finance,515.0,0.4,2022-12-06,Post-IPO,United States,679.0,2022,12
Intel,SF Bay Area,Hardware,201.0,,2022-12-06,Post-IPO,United States,12.0,2022,12
BuzzFeed,New York City,Media,180.0,0.12,2022-12-06,Post-IPO,United States,696.0,2022,12
Weedmaps,Los Angeles,Other,175.0,0.25,2022-12-06,Acquired,United States,,2022,12
Adobe,SF Bay Area,Marketing,100.0,,2022-12-06,Post-IPO,United States,2.0,2022,12
Chipper Cash,SF Bay Area,Finance,50.0,0.125,2022-12-06,Series C,United States,302.0,2022,12
Stash,New York City,Finance,32.0,0.08,2022-12-06,Unknown,United States,480.0,2022,12
Perimeter 81,Tel Aviv,Security,20.0,0.08,2022-12-06,Series C,Israel,165.0,2022,12
Koinly,London,Crypto,16.0,0.14,2022-12-06,Unknown,United Kingdom,,2022,12
Bridgit,Waterloo,Construction,13.0,0.13,2022-12-06,Series B,Canada,36.0,2022,12
Nextiva,Phoenix,Other,,0.17,2022-12-06,Private Equity,United States,200.0,2022,12
OneStudyTeam,Boston,Healthcare,,0.25,2022-12-06,Series D,United States,479.0,2022,12
Zuora,SF Bay Area,Finance,,0.11,2022-12-06,Post-IPO,United States,647.0,2022,12
Swyftx,Brisbane,Crypto,90.0,0.4,2022-12-05,Unknown,Australia,,2022,12
Aqua Security,Boston,Security,65.0,0.1,2022-12-05,Series E,United States,265.0,2022,12
DataRails,Tel Aviv,Finance,30.0,0.18,2022-12-05,Series B,Israel,103.0,2022,12
OYO,Gurugram,Travel,600.0,,2022-12-03,Series F,India,4000.0,2022,12
HealthifyMe,Bengaluru,Fitness,150.0,,2022-12-03,Series C,India,100.0,2022,12
Bybit,Singapore,Crypto,,0.3,2022-12-03,Unknown,Singapore,,2022,12
Cognyte,Tel Aviv,Security,100.0,0.05,2022-12-02,Unknown,Israel,,2022,12
ShareChat,Bengaluru,Consumer,100.0,,2022-12-02,Unknown,India,1700.0,2022,12
Polly,Burlington,Finance,47.0,0.15,2022-12-02,Series C,United States,184.0,2022,12
Lora DiCarlo,Bend,Consumer,,1.0,2022-12-02,Unknown,United States,9.0,2022,12
Carousell,Singapore,Retail,110.0,0.1,2022-12-01,Private Equity,Singapore,372.0,2022,12
Bizzabo,New York City,Marketing,100.0,0.37,2022-12-01,Series E,United States,194.0,2022,12
BloomTech,SF Bay Area,Education,88.0,0.5,2022-12-01,Unknown,United States,,2022,12
Netlify,SF Bay Area,Product,48.0,0.16,2022-12-01,Series D,United States,212.0,2022,12
Springbig,Miami,Sales,37.0,0.23,2022-12-01,Post-IPO,United States,32.0,2022,12
Podium,Lehi,Support,,0.12,2022-12-01,Series D,United States,419.0,2022,12
SQZ Biotech,Boston,Healthcare,,0.6,2022-12-01,Post-IPO,United States,229.0,2022,12
Strava,SF Bay Area,Fitness,,0.14,2022-12-01,Series F,United States,151.0,2022,12
Synlogic,Boston,Healthcare,,0.25,2022-12-01,Post-IPO,United States,321.0,2022,12
DoorDash,SF Bay Area,Food,1250.0,0.06,2022-11-30,Post-IPO,United States,2500.0,2022,11
Kraken,SF Bay Area,Crypto,1100.0,0.3,2022-11-30,Unknown,United States,134.0,2022,11
Happy Money,Los Angeles,Finance,158.0,0.34,2022-11-30,Series D,United States,191.0,2022,11
Ula,Jakarta,Retail,134.0,0.23,2022-11-30,Series B,Indonesia,140.0,2022,11
Wonder,New York City,Food,130.0,0.07,2022-11-30,Series B,United States,850.0,2022,11
StudySmarter,Berlin,Education,70.0,,2022-11-30,Series A,Germany,64.0,2022,11
Grin,Sacramento,Marketing,60.0,0.13,2022-11-30,Series B,United States,145.0,2022,11
UalÃ¡,Buenos Aires,Finance,53.0,0.03,2022-11-30,Series D,Argentina,544.0,2022,11
Teachmint,Bengaluru,Education,45.0,0.05,2022-11-30,Series B,India,118.0,2022,11
Etermax,Buenos Aires,Other,40.0,,2022-11-30,Unknown,Argentina,,2022,11
Thread,London,Retail,30.0,0.5,2022-11-30,Acquired,United Kingdom,40.0,2022,11
Elastic,SF Bay Area,Data,,0.13,2022-11-30,Post-IPO,United States,162.0,2022,11
Sana,Seattle,Healthcare,,0.15,2022-11-30,Series A,United States,700.0,2022,11
Bitso,Mexico City,Crypto,100.0,,2022-11-29,Series C,Mexico,378.0,2022,11
Lyst,London,Retail,50.0,0.25,2022-11-29,Unknown,United Kingdom,144.0,2022,11
CoinJar,Melbourne,Crypto,10.0,0.2,2022-11-29,Unknown,Australia,1.0,2022,11
Bitfront,SF Bay Area,Crypto,,1.0,2022-11-29,Unknown,United States,,2022,11
Codexis,SF Bay Area,Healthcare,,0.18,2022-11-29,Post-IPO,United States,162.0,2022,11
Firework,SF Bay Area,Retail,,0.1,2022-11-29,Series B,United States,269.0,2022,11
MessageBird,Amsterdam,Other,,0.31,2022-11-29,Series C,Netherlands,1100.0,2022,11
Plerk,Guadalajara,Finance,,0.4,2022-11-29,Series A,Mexico,13.0,2022,11
Infarm,Berlin,Other,500.0,0.5,2022-11-28,Series D,Germany,604.0,2022,11
Wildlife Studios,Sao Paulo,Consumer,300.0,0.2,2022-11-28,Unknown,Brazil,260.0,2022,11
Hirect,Bengaluru,Recruiting,200.0,0.4,2022-11-28,Series A,India,,2022,11
ApplyBoard,Waterloo,Education,90.0,0.06,2022-11-28,Series D,Canada,483.0,2022,11
Ajaib,Jakarta,Finance,67.0,0.08,2022-11-28,Unknown,Indonesia,245.0,2022,11
Candy Digital,New York City,Crypto,33.0,0.33,2022-11-28,Series A,United States,100.0,2022,11
ResearchGate,Berlin,Other,25.0,0.1,2022-11-28,Series D,Germany,87.0,2022,11
BlockFi,New York City,Crypto,,1.0,2022-11-28,Series E,United States,1000.0,2022,11
NCX,SF Bay Area,Energy,,0.4,2022-11-28,Series B,United States,78.0,2022,11
Change Invest,Amsterdam,Finance,,0.24,2022-11-27,Unknown,Netherlands,22.0,2022,11
VerSe Innovation,Bengaluru,Media,150.0,0.05,2022-11-25,Series J,India,1700.0,2022,11
Carwow,London,Transportation,70.0,0.2,2022-11-25,Unknown,United Kingdom,157.0,2022,11
Vendease,Lagos,Food,27.0,0.09,2022-11-25,Series A,Nigeria,43.0,2022,11
Lemon,Buenos Aires,Crypto,100.0,0.38,2022-11-24,Series A,Argentina,17.0,2022,11
Quidax,Lagos,Crypto,20.0,0.2,2022-11-24,Unknown,Nigeria,3.0,2022,11
Assure,Salt Lake City,Finance,,1.0,2022-11-23,Seed,United States,2.0,2022,11
GoodGood,Toronto,Retail,,1.0,2022-11-23,Seed,Canada,6.0,2022,11
SWVL,Cairo,Transportation,,0.5,2022-11-23,Post-IPO,Egypt,264.0,2022,11
Western Digital,SF Bay Area,Hardware,251.0,,2022-11-22,Post-IPO,United States,900.0,2022,11
SIRCLO,Jakarta,Retail,160.0,0.08,2022-11-22,Series B,Indonesia,92.0,2022,11
Trax,Singapore,Retail,80.0,0.08,2022-11-22,Series E,Singapore,1000.0,2022,11
Jumia,Lagos,Retail,900.0,0.2,2022-11-21,Post-IPO,Nigeria,1200.0,2022,11
Kitopi,Dubai,Food,93.0,0.1,2022-11-21,Series C,United States,804.0,2022,11
Devo,Boston,Security,,0.15,2022-11-21,Series F,United States,481.0,2022,11
GloriFi,Dallas,Finance,,1.0,2022-11-21,Unknown,United States,,2022,11
Zomato,Gurugram,Food,100.0,0.04,2022-11-19,Series J,India,914.0,2022,11
Carvana,Phoenix,Transportation,1500.0,0.08,2022-11-18,Post-IPO,United States,1600.0,2022,11
Nuro,SF Bay Area,Transportation,300.0,0.2,2022-11-18,Series D,United States,2100.0,2022,11
Synthego,SF Bay Area,Healthcare,105.0,0.2,2022-11-18,Series E,United States,459.0,2022,11
Splyt,London,Transportation,57.0,,2022-11-18,Series B,United Kingdom,34.0,2022,11
Capitolis,New York City,Finance,,0.25,2022-11-18,Series D,United States,281.0,2022,11
StoryBlocks,Washington D.C.,Media,,0.25,2022-11-18,Acquired,United States,18.0,2022,11
Unchained Capital,Austin,Crypto,,0.15,2022-11-18,Series A,United States,33.0,2022,11
Roku,SF Bay Area,Media,200.0,0.07,2022-11-17,Post-IPO,United States,208.0,2022,11
Orchard,New York City,Real Estate,180.0,,2022-11-17,Series D,United States,472.0,2022,11
Homepoint,Phoenix,Real Estate,113.0,,2022-11-17,Post-IPO,United States,,2022,11
Juni,Gothenburg,Finance,72.0,0.33,2022-11-17,Unknown,Sweden,281.0,2022,11
Chili Piper,New York City,Sales,58.0,,2022-11-17,Series B,United States,54.0,2022,11
Capitolis,New York City,Finance,37.0,0.25,2022-11-17,Series D,United States,281.0,2022,11
TealBook,Toronto,Other,34.0,0.19,2022-11-17,Series B,Canada,73.0,2022,11
Koho,Toronto,Finance,15.0,0.04,2022-11-17,Series D,Canada,278.0,2022,11
&Open,Dublin,Marketing,9.0,0.09,2022-11-17,Series A,Ireland,35.0,2022,11
Kandji,San Diego,Other,,0.17,2022-11-17,Series C,United States,188.0,2022,11
Morning Brew,New York City,Media,,0.14,2022-11-17,Acquired,United States,,2022,11
Symend,Calgary,Other,,0.13,2022-11-17,Series C,Canada,148.0,2022,11
Amazon,Seattle,Retail,10000.0,0.03,2022-11-16,Post-IPO,United States,108.0,2022,11
Cisco,SF Bay Area,Infrastructure,4100.0,0.05,2022-11-16,Post-IPO,United States,2.0,2022,11
Twiga,Nairobi,Food,211.0,0.21,2022-11-16,Series C,Kenya,157.0,2022,11
Wayflyer,Dublin,Marketing,200.0,0.4,2022-11-16,Unknown,Ireland,889.0,2022,11
SimilarWeb,New York City,Other,120.0,0.1,2022-11-16,Post-IPO,United States,235.0,2022,11
Salsify,Boston,Retail,90.0,0.11,2022-11-16,Series F,United States,452.0,2022,11
Lokalise,Dover,Other,76.0,0.23,2022-11-16,Series B,United States,56.0,2022,11
Yotpo,New York City,Marketing,70.0,0.09,2022-11-16,Unknown,United States,436.0,2022,11
Pear Therapeutics,Boston,Healthcare,59.0,0.22,2022-11-16,Post-IPO,United States,409.0,2022,11
D2L,Waterloo,Education,,0.05,2022-11-16,Post-IPO,Canada,168.0,2022,11
Dance,Berlin,Transportation,,0.16,2022-11-16,Unknown,Germany,63.0,2022,11
Homeward,Austin,Real Estate,,0.25,2022-11-16,Unknown,United States,501.0,2022,11
Hopin,London,Other,,0.17,2022-11-16,Series D,United Kingdom,1000.0,2022,11
Kite,SF Bay Area,Product,,1.0,2022-11-16,Series A,United States,21.0,2022,11
UiPath,New York City,Data,241.0,0.06,2022-11-15,Post-IPO,United States,2000.0,2022,11
Asana,SF Bay Area,Other,180.0,0.09,2022-11-15,Post-IPO,United States,453.0,2022,11
OwnBackup,New York City,Security,170.0,0.17,2022-11-15,Series E,United States,507.0,2022,11
Deliveroo Australia,Melbourne,Food,120.0,1.0,2022-11-15,Post-IPO,Australia,1700.0,2022,11
Productboard,SF Bay Area,Product,100.0,0.2,2022-11-15,Series D,United States,,2022,11
Properly,Toronto,Real Estate,71.0,,2022-11-15,Series B,Canada,154.0,2022,11
Protocol,SF Bay Area,Media,60.0,1.0,2022-11-15,Acquired,United States,,2022,11
Jimdo,Hamburg,Other,50.0,0.16,2022-11-15,Unknown,Germany,28.0,2022,11
The Zebra,Austin,Finance,50.0,,2022-11-15,Series D,United States,256.0,2022,11
Viber,Luxembourg,Consumer,45.0,0.08,2022-11-15,Acquired,Luxembourg,,2022,11
CaptivateIQ,SF Bay Area,Sales,31.0,0.1,2022-11-15,Series C,United States,164.0,2022,11
Apollo Insurance,Vancouver,Finance,,0.25,2022-11-15,Series B,Canada,11.0,2022,11
Nirvana Money,Miami,Finance,,1.0,2022-11-15,Unknown,United States,,2022,11
OfferUp,Seattle,Retail,,0.19,2022-11-15,Unknown,United States,381.0,2022,11
Outside,Boulder,Media,,0.12,2022-11-15,Series B,United States,174.0,2022,11
Rubicon Technologies,Lexington,Other,,0.11,2022-11-15,Post-IPO,United States,382.0,2022,11
Whispir,Melbourne,Other,,0.3,2022-11-15,Post-IPO,Australia,68.0,2022,11
Illumina,San Diego,Healthcare,500.0,0.05,2022-11-14,Post-IPO,United States,28.0,2022,11
Sema4,Stamford,Healthcare,500.0,,2022-11-14,Post-IPO,United States,791.0,2022,11
iFit,Logan,Fitness,300.0,0.2,2022-11-14,Private Equity,United States,200.0,2022,11
Ribbon,New York City,Real Estate,170.0,0.85,2022-11-14,Series C,United States,405.0,2022,11
Pipedrive,Tallinn,Sales,143.0,0.15,2022-11-14,Private Equity,Estonia,90.0,2022,11
Intercom,SF Bay Area,Support,124.0,0.13,2022-11-14,Series D,United States,240.0,2022,11
Science 37 ,Los Angeles,Healthcare,90.0,,2022-11-14,Post-IPO,United States,347.0,2022,11
Pear Therapeutics,Boston,Healthcare,59.0,0.22,2022-11-14,Post-IPO,United States,409.0,2022,11
Cardlytics,Atlanta,Marketing,51.0,,2022-11-14,Post-IPO,United States,212.0,2022,11
Cloudinary,SF Bay Area,Media,40.0,0.08,2022-11-14,Unknown,United States,100.0,2022,11
Nestcoin,Lagos,Crypto,30.0,,2022-11-14,Seed,Nigeria,6.0,2022,11
Gokada,Lagos,Transportation,20.0,,2022-11-14,Unknown,Nigeria,12.0,2022,11
Tricida,SF Bay Area,Healthcare,,0.57,2022-11-14,Post-IPO,United States,624.0,2022,11
Veev,SF Bay Area,Real Estate,100.0,0.3,2022-11-11,Series D,United States,597.0,2022,11
Forto,Berlin,Logistics,60.0,0.08,2022-11-11,Series D,United States,593.0,2022,11
Offerpad,Phoenix,Real Estate,,0.07,2022-11-11,Post-IPO,United States,355.0,2022,11
GoTo Group,Jakarta,Transportation,1300.0,0.12,2022-11-10,Post-IPO,Indonesia,1300.0,2022,11
Juul,SF Bay Area,Unknown,400.0,0.3,2022-11-10,Unknown,United States,1500.0,2022,11
Blend,SF Bay Area,Finance,100.0,0.06,2022-11-10,Post-IPO,United States,665.0,2022,11
InfluxData,SF Bay Area,Data,65.0,0.27,2022-11-10,Series D,United States,119.0,2022,11
Coinbase,SF Bay Area,Crypto,60.0,,2022-11-10,Post-IPO,United States,549.0,2022,11
SoundHound,SF Bay Area,Other,45.0,0.1,2022-11-10,Post-IPO,United States,326.0,2022,11
Wistia,Boston,Marketing,40.0,,2022-11-10,Unknown,United States,18.0,2022,11
Ocavu,Lehi,Crypto,20.0,0.48,2022-11-10,Series A,United States,11.0,2022,11
Avast,Phoenix,Security,,0.25,2022-11-10,Unknown,United States,,2022,11
SendCloud,Eindhoven,Logistics,,0.1,2022-11-10,Series C,United States,200.0,2022,11
Wavely,SF Bay Area,Hr,,1.0,2022-11-10,Unknown,United States,,2022,11
Meta,SF Bay Area,Consumer,11000.0,0.13,2022-11-09,Post-IPO,United States,26000.0,2022,11
Redfin,Seattle,Real Estate,862.0,0.13,2022-11-09,Post-IPO,United States,320.0,2022,11
Flyhomes,Seattle,Real Estate,300.0,0.4,2022-11-09,Series C,United States,310.0,2022,11
AvantStay,Los Angeles,Travel,144.0,0.22,2022-11-09,Private Equity,United States,686.0,2022,11
Root Insurance,Columbus,Finance,137.0,0.2,2022-11-09,Post-IPO,United States,527.0,2022,11
Liftoff,SF Bay Area,Marketing,130.0,0.15,2022-11-09,Acquired,United States,6.0,2022,11
Cameo,Chicago,Consumer,80.0,,2022-11-09,Unknown,United States,165.0,2022,11
Plum,Bengaluru,Healthcare,36.0,0.1,2022-11-09,Series A,India,20.0,2022,11
Kabam,SF Bay Area,Consumer,35.0,0.07,2022-11-09,Acquired,United States,244.0,2022,11
HighRadius,Bengaluru,Finance,25.0,,2022-11-09,Series C,India,475.0,2022,11
Namogoo,Tel Aviv,Marketing,25.0,0.15,2022-11-09,Series C,United States,69.0,2022,11
CloudFactory,Nairobi,Data,,0.12,2022-11-09,Private Equity,Kenya,78.0,2022,11
Faze Medicines,Boston,Healthcare,,1.0,2022-11-09,Series B,United States,81.0,2022,11
RingCentral,SF Bay Area,Other,,0.1,2022-11-09,Post-IPO,United States,44.0,2022,11
EverBridge,Boston,Other,200.0,,2022-11-08,Post-IPO,United States,476.0,2022,11
Repertoire Immune Medicines,Boston,Healthcare,65.0,0.5,2022-11-08,Series B,United States,257.0,2022,11
Astra,SF Bay Area,Aerospace,,0.16,2022-11-08,Post-IPO,United States,300.0,2022,11
NanoString,Seattle,Healthcare,,0.1,2022-11-08,Post-IPO,United States,731.0,2022,11
SADA,Los Angeles,Other,,0.11,2022-11-08,Acquired,United States,,2022,11
Salesforce,SF Bay Area,Sales,1000.0,0.01,2022-11-07,Post-IPO,United States,65.0,2022,11
Unacademy,Bengaluru,Education,350.0,0.1,2022-11-07,Series H,India,838.0,2022,11
Zendesk,SF Bay Area,Support,350.0,0.05,2022-11-07,Acquired,United States,85.0,2022,11
Dock,Sao Paulo,Finance,190.0,0.12,2022-11-07,Private Equity,Brazil,280.0,2022,11
Code42,Minneapolis,Security,,0.15,2022-11-07,Unknown,United States,137.0,2022,11
Domino Data Lab,SF Bay Area,Data,,0.25,2022-11-07,Series F,United States,223.0,2022,11
Varonis,New York City,Security,110.0,0.05,2022-11-06,Post-IPO,United States,30.0,2022,11
Brainly,Krakow,Education,25.0,,2022-11-06,Series D,Poland,148.0,2022,11
Twitter,SF Bay Area,Consumer,3700.0,0.5,2022-11-04,Post-IPO,United States,12900.0,2022,11
Udaan,Bengaluru,Retail,350.0,,2022-11-04,Unknown,India,1500.0,2022,11
Planetly,Berlin,Other,200.0,1.0,2022-11-04,Acquired,Germany,5.0,2022,11
KoinWorks,Jakarta,Finance,70.0,0.08,2022-11-04,Unknown,Indonesia,180.0,2022,11
Exodus,Nebraska City,Crypto,59.0,0.22,2022-11-04,Unknown,United States,60.0,2022,11
Benitago Group,New York City,Retail,,0.14,2022-11-04,Series A,United States,380.0,2022,11
Mythical Games,Los Angeles,Crypto,,0.1,2022-11-04,Series C,United States,260.0,2022,11
Stripe,SF Bay Area,Finance,1000.0,0.14,2022-11-03,Series H,United States,2300.0,2022,11
Lyft,SF Bay Area,Transportation,700.0,0.13,2022-11-03,Post-IPO,United States,4900.0,2022,11
LendingTree,Charlotte,Finance,200.0,,2022-11-03,Post-IPO,United States,,2022,11
Pleo,Copenhagen,Finance,150.0,0.15,2022-11-03,Series C,United States,428.0,2022,11
Delivery Hero,Berlin,Food,100.0,,2022-11-03,Post-IPO,Germany,8300.0,2022,11
Shippo,SF Bay Area,Logistics,60.0,0.2,2022-11-03,Series E,United States,154.0,2022,11
Affirm,SF Bay Area,Finance,,0.01,2022-11-03,Post-IPO,United States,1500.0,2022,11
LiveRamp,SF Bay Area,Marketing,,0.1,2022-11-03,Post-IPO,United States,16.0,2022,11
Rubius,Boston,Healthcare,,0.82,2022-11-03,Post-IPO,United States,445.0,2022,11
Snapdocs,SF Bay Area,Real Estate,,0.15,2022-11-03,Series D,United States,253.0,2022,11
Opendoor,SF Bay Area,Real Estate,550.0,0.18,2022-11-02,Post-IPO,United States,1900.0,2022,11
Chime,SF Bay Area,Finance,156.0,0.12,2022-11-02,Series G,United States,2300.0,2022,11
Chargebee,SF Bay Area,Finance,142.0,0.1,2022-11-02,Series H,United States,468.0,2022,11
Dapper Labs,Vancouver,Crypto,134.0,0.22,2022-11-02,Series D,United States,607.0,2022,11
Checkmarx,Tel Aviv,Security,100.0,0.1,2022-11-02,Series C,Israel,92.0,2022,11
Smava,Berlin,Finance,100.0,0.15,2022-11-02,Unknown,Germany,188.0,2022,11
Iron Ox,SF Bay Area,Food,50.0,0.5,2022-11-02,Series C,United States,103.0,2022,11
Digital Currency Gruop,Stamford,Crypto,10.0,0.13,2022-11-02,Unknown,United States,,2022,11
BitMEX,Non-U.S.,Crypto,,0.3,2022-11-02,Seed,Seychelles,0.0,2022,11
Argo AI,SF Bay Area,Transportation,259.0,,2022-11-01,Unknown,United States,3600.0,2022,11
Booking.com,Grand Rapids,Travel,226.0,,2022-11-01,Acquired,United States,,2022,11
Oracle,SF Bay Area,Other,200.0,,2022-11-01,Post-IPO,United States,,2022,11
Upstart,SF Bay Area,Finance,140.0,0.07,2022-11-01,Post-IPO,United States,144.0,2022,11
Gem,SF Bay Area,Recruiting,100.0,0.33,2022-11-01,Series C,United States,148.0,2022,11
Oda,Oslo,Food,70.0,0.18,2022-11-01,Unknown,Sweden,377.0,2022,11
Oda,Oslo,Food,70.0,0.18,2022-11-01,Unknown,Norway,477.0,2022,11
Oda,Oslo,Food,70.0,0.06,2022-11-01,Unknown,Norway,479.0,2022,11
Hootsuite,Vancouver,Marketing,50.0,0.05,2022-11-01,Series C,Canada,300.0,2022,11
Drop,Toronto,Marketing,24.0,,2022-11-01,Series B,Canada,56.0,2022,11
Tapps Games,Sao Paulo,Consumer,10.0,,2022-11-01,Unknown,Brazil,,2022,11
Brightline,SF Bay Area,Healthcare,,0.2,2022-11-01,Series C,United States,212.0,2022,11
Kry,Stockholm,Healthcare,300.0,0.1,2022-10-31,Series D,Sweden,568.0,2022,10
Notarize,Boston,Legal,60.0,,2022-10-31,Series D,United States,213.0,2022,10
EquityZen,New York City,Finance,30.0,0.27,2022-10-31,Series B,United States,11.0,2022,10
Equitybee,SF Bay Area,Finance,25.0,0.2,2022-10-31,Series B,United States,85.0,2022,10
Dukaan,Bengaluru,Retail,23.0,,2022-10-31,Series A,India,17.0,2022,10
Amazon,Seattle,Retail,150.0,,2022-10-28,Post-IPO,United States,108.0,2022,10
Fifth Season,Pittsburgh,Food,100.0,1.0,2022-10-28,Series B,United States,35.0,2022,10
Advata,Seattle,Healthcare,32.0,0.21,2022-10-28,,United States,,2022,10
Springlane,DÃ¼sseldorf,Food,,0.35,2022-10-28,Series C,Germany,11.0,2022,10
RenoRun,Montreal,Construction,210.0,0.43,2022-10-27,Series B,Canada,163.0,2022,10
Recharge,Los Angeles,Finance,84.0,0.17,2022-10-27,Series B,United States,277.0,2022,10
Lattice,SF Bay Area,Hr,13.0,,2022-10-27,Series F,United States,328.0,2022,10
GoNuts,Mumbai,Media,,1.0,2022-10-27,Seed,India,,2022,10
MindBody,San Luis Obispo,Fitness,400.0,0.15,2022-10-26,Post-IPO,United States,114.0,2022,10
Zillow,Seattle,Real Estate,300.0,0.05,2022-10-26,Post-IPO,United States,97.0,2022,10
Cybereason,Boston,Security,200.0,0.17,2022-10-26,Series F,United States,750.0,2022,10
Argo AI,Pittsburgh,Transportation,173.0,,2022-10-26,Unknown,United States,3600.0,2022,10
GoFundMe,SF Bay Area,Finance,94.0,0.12,2022-10-26,Series A,United States,,2022,10
Fundbox,SF Bay Area,Finance,150.0,0.42,2022-10-25,Series D,United States,553.0,2022,10
Embroker,SF Bay Area,Finance,30.0,0.12,2022-10-25,Series C,United States,142.0,2022,10
Vee,Tel Aviv,Hr,17.0,0.5,2022-10-25,Seed,Israel,15.0,2022,10
Callisto Media,SF Bay Area,Media,,0.35,2022-10-25,Series D,United States,,2022,10
Philips,Amsterdam,Healthcare,4000.0,0.05,2022-10-24,Post-IPO,Netherlands,,2022,10
Cerebral,SF Bay Area,Healthcare,400.0,0.2,2022-10-24,Series C,United States,462.0,2022,10
Snyk,Boston,Security,198.0,0.14,2022-10-24,Series F,United States,849.0,2022,10
McMakler,Berlin,Real Estate,100.0,,2022-10-24,Unknown,Germany,214.0,2022,10
Unico,Sao Paulo,Other,50.0,0.04,2022-10-24,Series D,Brazil,336.0,2022,10
OrCam,Jerusalem,Healthcare,62.0,0.16,2022-10-23,Unknown,Israel,86.0,2022,10
Antidote Health,Tel Aviv,Healthcare,23.0,0.38,2022-10-23,Unknown,Israel,36.0,2022,10
Khoros,Austin,Sales,120.0,0.1,2022-10-21,Private Equity,United States,138.0,2022,10
F5,Seattle,Security,100.0,0.01,2022-10-21,Post-IPO,United States,,2022,10
Elinvar,Berlin,Finance,43.0,0.33,2022-10-21,Unknown,Germany,30.0,2022,10
Synapsica,New Delhi,Healthcare,30.0,0.3,2022-10-21,Series A,India,4.0,2022,10
Volta,SF Bay Area,Transportation,,0.54,2022-10-21,Post-IPO,United States,575.0,2022,10
Hotmart,Belo Horizonte,Marketing,227.0,0.12,2022-10-20,Series C,Brazil,127.0,2022,10
Zeus Living,SF Bay Area,Real Estate,64.0,0.46,2022-10-20,Series C,United States,151.0,2022,10
Loom,SF Bay Area,Product,23.0,0.11,2022-10-20,Series C,United States,203.0,2022,10
Sales Boomerang,Baltimore,Sales,20.0,,2022-10-20,Private Equity,United States,5.0,2022,10
Roofstock,SF Bay Area,Real Estate,,0.2,2022-10-20,Series E,United States,365.0,2022,10
Starry,Boston,Other,,0.5,2022-10-20,Post-IPO,United States,260.0,2022,10
Gopuff,Philadelphia,Food,250.0,,2022-10-19,Series H,United States,3400.0,2022,10
AtoB,SF Bay Area,Finance,32.0,0.3,2022-10-19,Series B,United States,177.0,2022,10
InfoSum,London,Security,20.0,0.12,2022-10-19,Series B,United Kingdom,88.0,2022,10
Faire,SF Bay Area,Retail,84.0,0.07,2022-10-18,Series G,United States,1700.0,2022,10
Leafly,Seattle,Retail,56.0,0.21,2022-10-18,Post-IPO,United States,71.0,2022,10
Ada Health,Berlin,Healthcare,50.0,,2022-10-17,Series B,Germany,189.0,2022,10
Tiendanube,Buenos Aires,Marketing,50.0,0.05,2022-10-17,Unknown,Argentina,,2022,10
Nuri,Berlin,Crypto,,1.0,2022-10-17,Series B,Germany,42.0,2022,10
Flipboard,SF Bay Area,Media,24.0,0.21,2022-10-16,Unknown,United States,235.0,2022,10
Clear Capital,Reno,Real Estate,378.0,0.27,2022-10-14,Unknown,United States,,2022,10
Beyond Meat,Los Angeles,Food,200.0,0.19,2022-10-14,Post-IPO,United States,122.0,2022,10
Flux Systems,London,Finance,,1.0,2022-10-14,Unknown,United Kingdom,9.0,2022,10
Qin1,Noida,Education,,1.0,2022-10-14,Seed,India,,2022,10
Salesforce,SF Bay Area,Sales,90.0,,2022-10-13,Post-IPO,United States,65.0,2022,10
Playdots,New York City,Consumer,65.0,1.0,2022-10-13,Acquired,United States,10.0,2022,10
Byju's,Bengaluru,Education,2500.0,0.05,2022-10-12,Private Equity,India,5500.0,2022,10
6sense,SF Bay Area,Sales,150.0,0.1,2022-10-12,Series E,United States,426.0,2022,10
Sinch,Stockholm,Other,150.0,,2022-10-12,Post-IPO,Sweden,1500.0,2022,10
FrontRow,Bengaluru,Education,130.0,0.75,2022-10-12,Series A,India,17.0,2022,10
Noom,New York City,Healthcare,500.0,0.1,2022-10-11,Series F,United States,657.0,2022,10
MX,Lehi,Finance,200.0,,2022-10-11,Series C,United States,450.0,2022,10
Brex,SF Bay Area,Finance,136.0,0.11,2022-10-11,Series D,United States,1500.0,2022,10
Pacaso,SF Bay Area,Real Estate,100.0,0.3,2022-10-11,Series C,United States,217.0,2022,10
Sketch,The Hague,Other,80.0,,2022-10-11,Series A,Netherlands,20.0,2022,10
Udacity,SF Bay Area,Education,55.0,0.13,2022-10-11,Unknown,United States,235.0,2022,10
Linkfire,Copenhagen,Marketing,35.0,0.35,2022-10-11,Seed,Denmark,2.0,2022,10
HelloFresh,SF Bay Area,Food,611.0,,2022-10-10,Post-IPO,United States,367.0,2022,10
Momentive,SF Bay Area,Marketing,180.0,0.11,2022-10-10,Post-IPO,United States,1100.0,2022,10
Pavilion Data,SF Bay Area,Infrastructure,96.0,0.96,2022-10-10,Series D,United States,103.0,2022,10
Redesign Health,New York City,Healthcare,67.0,0.2,2022-10-10,Series C,United States,315.0,2022,10
Nyriad,Austin,Infrastructure,,0.33,2022-10-10,Unknown,United States,58.0,2022,10
BioMarin,SF Bay Area,Healthcare,120.0,0.04,2022-10-07,Post-IPO,United States,585.0,2022,10
Rev.com,Austin,Data,85.0,,2022-10-07,Series D,United States,30.0,2022,10
Crypto.com,Singapore,Crypto,2000.0,0.3,2022-10-06,Unknown,Singapore,156.0,2022,10
Peloton,New York City,Fitness,500.0,0.12,2022-10-06,Post-IPO,United States,1900.0,2022,10
Landing,Birmingham,Real Estate,110.0,,2022-10-06,Series C,United States,347.0,2022,10
Turnitin,SF Bay Area,Education,51.0,0.05,2022-10-06,Acquired,United States,,2022,10
Impossible Foods,SF Bay Area,Food,50.0,0.06,2022-10-06,Series H,United States,1900.0,2022,10
Foresight Insurance,SF Bay Area,Finance,,0.4,2022-10-06,Series B,United States,58.0,2022,10
Built In,Chicago,Recruiting,50.0,0.25,2022-10-05,Series C,United States,29.0,2022,10
TwinStrand,Seattle,Healthcare,,0.5,2022-10-05,Series B,United States,73.0,2022,10
8x8,SF Bay Area,Support,200.0,0.09,2022-10-04,Post-IPO,United States,253.0,2022,10
Homie,Salt Lake City,Real Estate,40.0,0.13,2022-10-04,Series B,United States,35.0,2022,10
Fivetran,SF Bay Area,Data,,0.05,2022-10-04,Series D,United States,,2022,10
Xendit,Jakarta,Finance,,0.05,2022-10-04,Series D,Indonesia,534.0,2022,10
Zoomo,Sydney,Transportation,,0.16,2022-10-04,Series B,Australia,105.0,2022,10
ActiveCampaign,Chicago,Marketing,,0.15,2022-10-03,Series C,United States,360.0,2022,10
WazirX,Mumbai,Crypto,60.0,0.4,2022-10-02,Acquired,India,,2022,10
Spin,SF Bay Area,Transportation,78.0,0.1,2022-09-30,Acquired,United States,8.0,2022,9
Carsome,Kuala Lumpur,Transportation,,0.1,2022-09-30,Series E,Malaysia,607.0,2022,9
Pastel,SF Bay Area,Food,,1.0,2022-09-30,Unknown,United States,,2022,9
Westwing,Munich,Retail,125.0,,2022-09-29,Post-IPO,Germany,237.0,2022,9
Mux,SF Bay Area,Infrastructure,40.0,0.2,2022-09-29,Series D,United States,173.0,2022,9
Solarisbank,Berlin,Finance,,0.1,2022-09-29,Unknown,Germany,385.0,2022,9
DocuSign,SF Bay Area,Sales,671.0,0.09,2022-09-28,Post-IPO,United States,536.0,2022,9
Volta,SF Bay Area,Transportation,,0.1,2022-09-28,Post-IPO,United States,575.0,2022,9
Divvy Homes,SF Bay Area,Real Estate,40.0,0.12,2022-09-27,Series B,United States,180.0,2022,9
Konfio,Mexico City,Finance,180.0,,2022-09-23,Series E,United States,706.0,2022,9
Moss,Berlin,Fin-Tech,70.0,0.15,2022-09-23,Series B,Germany,150.0,2022,9
Foxtrot,Chicago,Food,26.0,0.035,2022-09-23,Series C,United States,166.0,2022,9
Truiloo,Vancouver,Security,24.0,0.05,2022-09-23,Series D,Canada,474.0,2022,9
Pesto,SF Bay Area,Other,,1.0,2022-09-23,Seed,United States,6.0,2022,9
NYDIG,New York City,Crypto,110.0,0.33,2022-09-22,Private Equity,United States,1400.0,2022,9
Klarna,Stockholm,Finance,100.0,,2022-09-22,Unknown,Sweden,3700.0,2022,9
Made.com,London,Retail,,0.35,2022-09-22,Series D,United Kingdom,136.0,2022,9
Kitty Hawk,SF Bay Area,Aerospace,100.0,1.0,2022-09-21,Unknown,United States,1.0,2022,9
Compass,New York City,Real Estate,271.0,,2022-09-20,Post-IPO,United States,1600.0,2022,9
Curative,Los Angeles,Healthcare,109.0,,2022-09-20,Seed,United States,8.0,2022,9
Ada,Toronto,Support,78.0,0.16,2022-09-20,Series C,Canada,190.0,2022,9
99,Sao Paulo,Transportation,75.0,0.02,2022-09-20,Acquired,Brazil,244.0,2022,9
Ouster,SF Bay Area,Transportation,,0.1,2022-09-20,Post-IPO,United States,282.0,2022,9
Zappos,Las Vegas,Retail,,0.04,2022-09-20,Acquired,United States,62.0,2022,9
Ola,Bengaluru,Transportation,200.0,,2022-09-19,Series J,India,5000.0,2022,9
Vesalius Therapeutics,Boston,Healthcare,29.0,0.43,2022-09-19,Series B,United States,75.0,2022,9
VideoAmp,Los Angeles,Marketing,,0.02,2022-09-19,Series F,United States,456.0,2022,9
Clear,Bengaluru,Finance,190.0,0.2,2022-09-16,Series C,India,140.0,2022,9
TrueLayer,London,Finance,40.0,0.1,2022-09-16,Series E,United States,271.0,2022,9
LivePerson,New York City,Support,193.0,0.11,2022-09-15,Post-IPO,United States,42.0,2022,9
Acast,Stockholm,Media,70.0,0.15,2022-09-15,Post-IPO,Sweden,126.0,2022,9
WorkRamp,SF Bay Area,Hr,35.0,0.2,2022-09-15,Series C,United States,67.0,2022,9
NextRoll,SF Bay Area,Marketing,,0.07,2022-09-15,Unknown,United States,108.0,2022,9
Twilio,SF Bay Area,Other,800.0,0.11,2022-09-14,Post-IPO,United States,614.0,2022,9
Pitch,Berlin,Marketing,59.0,0.3,2022-09-14,Series B,Germany,137.0,2022,9
Infarm,Berlin,Other,50.0,0.05,2022-09-14,Series D,Germany,604.0,2022,9
Netflix,SF Bay Area,Media,30.0,,2022-09-14,Post-IPO,United States,121900.0,2022,9
Bitrise,Budapest,Infrastructure,,0.14,2022-09-14,Series C,Hungary,83.0,2022,9
Rubius,Boston,Healthcare,160.0,0.75,2022-09-13,Post-IPO,United States,445.0,2022,9
Checkout.com,London,Finance,100.0,0.05,2022-09-13,Series D,United Kingdom,1800.0,2022,9
Taboola,New York City,Marketing,100.0,0.06,2022-09-13,Post-IPO,United States,445.0,2022,9
Patreon,SF Bay Area,Media,80.0,0.17,2022-09-13,Series F,United States,413.0,2022,9
FullStory,Atlanta,Marketing,,0.12,2022-09-13,Unknown,United States,197.0,2022,9
Propzy,Ho Chi Minh City,Real Estate,,1.0,2022-09-13,Series A,Vietnam,33.0,2022,9
Quicko,Sao Paulo,Transportation,60.0,,2022-09-12,Acquired,Brazil,28.0,2022,9
Mode Analytics,SF Bay Area,Data,25.0,,2022-09-12,Series D,United States,81.0,2022,9
Compete,Tel Aviv,Hr,11.0,0.28,2022-09-12,Series A,Israel,17.0,2022,9
Karbon,SF Bay Area,Other,,0.23,2022-09-12,Series B,United States,91.0,2022,9
Rent the Runway,New York City,Retail,,0.24,2022-09-12,Post-IPO,United States,526.0,2022,9
SkipTheDishes,Winnipeg,Food,350.0,,2022-09-09,Acquired,Canada,6.0,2022,9
Brighte,Sydney,Energy,58.0,,2022-09-09,Series C,Australia,145.0,2022,9
Patreon,SF Bay Area,Media,5.0,,2022-09-09,Series F,United States,413.0,2022,9
Amber Group,Hong Kong,Crypto,,0.1,2022-09-09,Series B,Hong Kong,328.0,2022,9
CommonBond,New York City,Finance,,1.0,2022-09-09,Series D,United States,125.0,2022,9
Flowhub,Denver,Retail,,0.15,2022-09-09,Unknown,United States,45.0,2022,9
Lido Learning,Mumbai,Education,,1.0,2022-09-09,Series C,India,20.0,2022,9
GoStudent,Vienna,Education,200.0,,2022-09-08,Series D,Austria,686.0,2022,9
Pomelo Fashion,Bangkok,Retail,55.0,0.08,2022-09-08,Unknown,Thailand,120.0,2022,9
Genome Medical,SF Bay Area,Healthcare,23.0,,2022-09-08,Series C,United States,120.0,2022,9
BigBear.ai,Baltimore,Data,,0.07,2022-09-08,Post-IPO,United States,200.0,2022,9
