company,location,industry,total_laid_off,percentage_laid_off,date,stage,country,funds_raised_millions
Atlassian,Sydney,Other,500,0.05,3/6/2023,Post-IPO,Australia,210
SiriusXM,"New York City",Media,475,0.08,3/6/2023,Post-IPO,"United States",525
Alerzo,Ibadan,Retail,400,NULL,3/6/2023,"Series B",Nigeria,16
UpGrad,Mumbai,Education,120,NULL,3/6/2023,Unknown,India,631
Loft,"Sao Paulo","Real Estate",340,0.15,3/3/2023,Unknown,Brazil,788
"Embark Trucks","SF Bay Area",Transportation,230,0.7,3/3/2023,Post-IPO,"United States",317
Lendi,Sydney,"Real Estate",100,NULL,3/3/2023,Unknown,Australia,59
UserTesting,"SF Bay Area",Marketing,63,NULL,3/3/2023,Acquired,"United States",152
Airbnb,"SF Bay Area",,30,NULL,3/3/2023,Post-IPO,"United States",6400
Accolade,Seattle,Healthcare,NULL,NULL,3/3/2023,Post-IPO,"United States",458
Indigo,Boston,Other,NULL,NULL,3/3/2023,"Series F","United States.",1200
Zscaler,"SF Bay Area",Security,177,0.03,3/2/2023,Post-IPO,"United States",148
MasterClass,"SF Bay Area",Education,79,NULL,3/2/2023,"Series E","United States",461
"Ambev Tech",Blumenau,Food,50,NULL,3/2/2023,Acquired,Brazil,NULL
Fittr,Pune,Fitness,30,0.11,3/2/2023,"Series A",India,13
CNET,"SF Bay Area",Media,12,0.1,3/2/2023,Acquired,"United States",20
Flipkart,Bengaluru,Retail,NULL,NULL,3/2/2023,Acquired,India,12900
Kandela,"Los Angeles",Consumer,NULL,1,3/2/2023,Acquired,"United States",NULL
Truckstop.com,Boise,Logistics,NULL,NULL,3/2/2023,Acquired,"United States",NULL
Thoughtworks,Chicago,Other,500,0.04,3/1/2023,Post-IPO,"United States",748
iFood,"Sao Paulo",Food,355,0.06,3/1/2023,Subsidiary,Brazil,2100
"Color Health","SF Bay Area",Healthcare,300,NULL,3/1/2023,"Series E","United States",482
Waymo,"SF Bay Area",Transportation,209,0.08,3/1/2023,Subsidiary,"United States",5500
PayFit,Paris,HR,200,0.2,3/1/2023,"Series E",France,495
Yellow.ai,"SF Bay Area",Support,200,NULL,3/1/2023,"Series C","United States",102
Sonder,"SF Bay Area",Travel,100,0.14,3/1/2023,Post-IPO,"United States",839
"Protego Trust Bank",Seattle,Crypto,NULL,0.5,3/1/2023,"Series A","United States",70
"Electronic Arts","Baton Rouge",Consumer,200,NULL,2/28/2023,Post-IPO,"United States",2
Eventbrite,"SF Bay Area",Consumer,80,0.08,2/28/2023,Post-IPO,"United States",557
"DUX Education",Bengaluru,Education,NULL,1,2/28/2023,Unknown,India,NULL
MeridianLink,"Los Angeles",Finance,NULL,0.09,2/28/2023,Post-IPO,"United States",485
"Sono Motors",Munich,Transportation,300,NULL,2/27/2023,Post-IPO,Germany,126
Cerebral,"SF Bay Area",Healthcare,285,0.15,2/27/2023,"Series C","United States",462
Amount,Chicago,Finance,130,0.25,2/27/2023,Unknown,"United States",283
Palantir,Denver,Data,75,0.02,2/27/2023,Post-IPO,"United States.",3000
Outreach,Seattle,Sales,70,0.07,2/27/2023,"Series G","United States",489
Stytch,"SF Bay Area",Security,19,0.25,2/27/2023,"Series B","United States",126
BitSight,"Tel Aviv",Security,40,NULL,2/26/2023,Unknown,Israel,401
Twitter,"SF Bay Area",Consumer,200,0.1,2/25/2023,Post-IPO,"United States",12900
Ericsson,Stockholm,Other,8500,0.08,2/24/2023,Post-IPO,Sweden,663
"SAP Labs",Bengaluru,Other,300,NULL,2/24/2023,Subsidiary,India,1300
"Velodyne Lidar","SF Bay Area",Transportation,220,NULL,2/24/2023,Acquired,"United States",575
Medallia,"SF Bay Area",Support,59,NULL,2/24/2023,Acquired,"United States",325
"Eat Just","SF Bay Area",Food,40,NULL,2/24/2023,Unknown,"United States",465
"Lucira Health","SF Bay Area",Healthcare,26,NULL,2/24/2023,Post-IPO,"United States",132
Stax,Orlando,Finance,24,NULL,2/24/2023,"Series D","United States",263
Poshmark,"SF Bay Area",Retail,NULL,0.02,2/24/2023,Acquired,"United States",153
Merative,"Ann Arbor",Healthcare,200,0.1,2/23/2023,Acquired,"United States",NULL
OneFootball,Berlin,Marketing,150,0.32,2/23/2023,"Series D",Germany,442
"The Iconic",Sydney,Retail,69,0.06,2/23/2023,Unknown,Australia,NULL
EVgo,"Los Angeles",Transportation,40,NULL,2/23/2023,Post-IPO,"United States",400
StrongDM,"SF Bay Area",Infrastructure,40,NULL,2/23/2023,"Series B","United States",76
"Dapper Labs",Vancouver,Crypto,NULL,0.2,2/23/2023,"Series D","United States",607
Messari,"New York City",Crypto,NULL,0.15,2/23/2023,"Series B","United States",61
"Vibrent Health","Washington D.C.",Healthcare,NULL,0.13,2/23/2023,Unknown,"United States",NULL
Synamedia,London,Media,200,0.12,2/22/2023,Unknown,"United Kingdom",NULL
TaskUs,"San Antonio",Support,186,NULL,2/22/2023,Post-IPO,"United States",279
"Arch Oncology","St. Louis",Healthcare,NULL,NULL,2/22/2023,"Series C","United States",155
Immutable,Sydney,Crypto,NULL,0.11,2/22/2023,"Series C",Australia,279
"Jounce Therapeutics",Boston,Healthcare,NULL,0.57,2/22/2023,Acquired,"United States",194
Locomation,Pittsburgh,Transportation,NULL,1,2/22/2023,Seed,"United States",57
Polygon,Bengaluru,Crypto,100,0.2,2/21/2023,Unknown,India,451
Crunchyroll,Tokyo,Media,85,NULL,2/21/2023,Unknown,Japan,26
"Ethos Life","SF Bay Area",Finance,50,NULL,2/21/2023,"Series D","United States",406
Bolt,Lagos,Transportation,17,NULL,2/21/2023,"Series F",Nigeria,NULL
Criteo,Paris,Marketing,NULL,NULL,2/21/2023,Post-IPO,France,61
"Green Labs",Seoul,Food,NULL,NULL,2/21/2023,"Series C","South Korea",214
PeerStreet,"Los Angeles","Real Estate",NULL,NULL,2/21/2023,"Series C","United States",121
Zalando,Berlin,Retail,NULL,NULL,2/21/2023,Post-IPO,Germany,467
MyGate,Bengaluru,Other,200,0.3,2/20/2023,"Series B",India,79
Fireblocks,"New York City",Crypto,30,0.05,2/20/2023,"Series E","United States",1000
Kinde,Sydney,Other,8,0.28,2/20/2023,Seed,Australia,10
Fipola,Chennai,Food,NULL,1,2/20/2023,"Series A","United States",9
HP,"Tel Aviv",Hardware,100,NULL,2/19/2023,Post-IPO,Israel,4200
Tencent,Shenzen,Consumer,300,NULL,2/17/2023,Post-IPO,China,12600
Evernote,"SF Bay Area",Consumer,129,NULL,2/17/2023,Acquired,"United States",290
"Chipper Cash","SF Bay Area",Finance,100,0.33,2/17/2023,"Series C","United States",302
Digimarc,Portland,Other,NULL,NULL,2/17/2023,Post-IPO,"United States",105
Reserve,"SF Bay Area",Crypto,NULL,NULL,2/17/2023,Unknown,"United States",NULL
DocuSign,"SF Bay Area",Sales,680,0.1,2/16/2023,Post-IPO,"United States",536
"Pico Interactive","SF Bay Area",Other,400,0.2,2/16/2023,Acquired,"United States",62
"The RealReal","SF Bay Area",Retail,230,0.07,2/16/2023,Post-IPO,"United States",356
Smartsheet,Seattle,Other,85,0.03,2/16/2023,Post-IPO,"United States",152
Convoy,Atlanta,Logistics,NULL,NULL,2/16/2023,"Series E","United States",1100
Wix,"Tel Aviv",Marketing,370,0.06,2/15/2023,Post-IPO,Israel,58
ServiceTitan,"Los Angeles",Sales,221,0.08,2/15/2023,"Series G","United States",1100
Neon,"Sao Paulo",Finance,210,0.09,2/15/2023,"Series D",Brazil,720
Jellysmack,Paris,Media,208,NULL,2/15/2023,"Series C",France,22
DigitalOcean,"New York City",Infrastructure,200,0.11,2/15/2023,Post-IPO,"United States",491
Sprinklr,"New York City",Support,100,0.04,2/15/2023,Post-IPO,"United States",429
Betterment,"New York City",Finance,28,NULL,2/15/2023,"Series F","United States",435
"Divvy Homes","SF Bay Area","Real Estate",NULL,NULL,2/15/2023,"Series B","United States",180
Milkrun,Sydney,Food,NULL,0.2,2/15/2023,"Series A",Australia,86
Momentive,"SF Bay Area",Marketing,NULL,0.14,2/15/2023,Post-IPO,"United States",1100
Observe.AI,"SF Bay Area",Support,NULL,NULL,2/15/2023,"Series C","United States",214
"Religion of Sports","Los Angeles",Media,NULL,NULL,2/15/2023,"Series B","United States",63
Tackle,Boise,Other,NULL,0.15,2/15/2023,"Series C","United States",148
"Vicarious Surgical",Boston,Healthcare,NULL,0.14,2/15/2023,Post-IPO,"United States",185
CommerceHub,Albany,Retail,371,0.31,2/14/2023,Acquired,"United States",NULL
HackerEarth,"SF Bay Area",HR,NULL,0.08,2/14/2023,"Series B","United States",11
PhableCare,Bengaluru,Healthcare,NULL,0.7,2/14/2023,"Series B",India,40
Udemy,"SF Bay Area",Education,NULL,0.1,2/14/2023,Post-IPO,"United States",311
Twilio,"SF Bay Area",Other,1500,0.17,2/13/2023,Post-IPO,"United States.",614
Electric,"New York City",Other,141,0.25,2/13/2023,"Series D","United States",212
"EMX Digital","New York City",Marketing,100,1,2/13/2023,Unknown,"United States",NULL
PetLove,"Sao Paulo",Retail,94,NULL,2/13/2023,"Series C",Brazil,225
iRobot,Boston,Consumer,85,0.07,2/13/2023,Acquired,"United States",30
"Collective Health","SF Bay Area",Healthcare,54,NULL,2/13/2023,"Series F","United States",719
"Magic Eden","SF Bay Area",Crypto,22,NULL,2/13/2023,"Series B","United States",170
Casavo,Milan,"Real Estate",NULL,0.3,2/13/2023,Unknown,Italy,708
Foodpanda,Singapore,Food,NULL,NULL,2/13/2023,Acquired,Singapore,749
Getir,London,Food,NULL,NULL,2/13/2023,"Series E","United Kingdom",1800
LinkedIn,"SF Bay Area",HR,NULL,NULL,2/13/2023,Acquired,"United States",154
Moladin,Jakarta,Transportation,360,0.11,2/12/2023,"Series B",Indonesia,138
TripleLift,"New York City",Marketing,100,0.2,2/10/2023,Acquired,"United States",16
"TikTok India",Mumbai,Consumer,40,NULL,2/10/2023,Acquired,India,9400
"Open Co","Sao Paulo",Finance,NULL,NULL,2/10/2023,"Series D",Brazil,140
"Rigetti Computing","SF Bay Area",Hardware,NULL,0.28,2/10/2023,Post-IPO,"United States",298
Yahoo,"SF Bay Area",Consumer,1600,0.2,2/9/2023,Acquired,"United States",6
"Misfits Market",Philadelphia,Food,649,0.33,2/9/2023,"Series C","United States",526
Deliveroo,London,Food,350,0.09,2/9/2023,Post-IPO,"United Kingdom",1700
"Olive AI",Columbus,Healthcare,215,0.35,2/9/2023,"Series H","United States",856
Oportun,"SF Bay Area",Finance,155,0.1,2/9/2023,Post-IPO,"United States",566
GitLab,"SF Bay Area",Product,130,0.07,2/9/2023,Post-IPO,"United States",413
Bark,"New York City",Retail,126,0.12,2/9/2023,Post-IPO,"United States",NULL
"Nomad Health","New York City",Healthcare,119,0.17,2/9/2023,Unknown,"United States",218
Veriff,Tallinn,Security,66,0.12,2/9/2023,"Series C",Estonia,192
"REE Automotive","Tel Aviv",Transportation,31,0.11,2/9/2023,Post-IPO,Israel,317
GitHub,"SF Bay Area",Product,NULL,0.1,2/9/2023,Acquired,"United States",350
Quillt,"St. Louis",Media,NULL,NULL,2/9/2023,Unknown,"United States",NULL
WeTrade,Bengaluru,Crypto,NULL,1,2/9/2023,Unknown,India,NULL
GoDaddy,Phoenix,Marketing,530,0.08,2/8/2023,Post-IPO,"United States",800
Affirm,"SF Bay Area",Finance,500,0.19,2/8/2023,Post-IPO,"United States",1500
Gusto,"SF Bay Area",HR,126,0.05,2/8/2023,"Series E","United States",746
Gong,"SF Bay Area",Sales,80,0.07,2/8/2023,"Series E","United States",583
"Beam Benefits",Columbus,Healthcare,31,0.08,2/8/2023,"Series E","United States",168
Equitybee,"SF Bay Area",Finance,24,0.25,2/8/2023,"Series B","United States",85
Baraja,Sydney,Transportation,NULL,0.75,2/8/2023,Unknown,Australia,63
Koho,Toronto,Finance,NULL,0.14,2/8/2023,"Series D",Canada,278
Medly,"New York City",Healthcare,NULL,1,2/8/2023,"Series C","United States",100
Nearmap,Sydney,Construction,NULL,0.2,2/8/2023,Acquired,Australia,15
Zoom,"SF Bay Area",Other,1300,0.15,2/7/2023,Post-IPO,"United States",276
eBay,"SF Bay Area",Retail,500,0.04,2/7/2023,Post-IPO,"United States",1200
SecureWorks,Atlanta,Security,212,0.09,2/7/2023,Post-IPO,"United States",83
Salesloft,Atlanta,Sales,100,0.1,2/7/2023,Acquired,"United States",245
Openpay,Melbourne,Finance,83,1,2/7/2023,Post-IPO,Australia,299
LearnUpon,Dublin,Education,27,0.09,2/7/2023,"Private Equity",Ireland,56
"Sana Benefits",Austin,HR,NULL,0.19,2/7/2023,"Series B","United States",106
Dell,Austin,Hardware,6650,0.05,2/6/2023,Post-IPO,"United States",NULL
Loggi,"Sao Paulo",Logistics,300,0.07,2/6/2023,"Series F",Brazil,507
Catch.com.au,Melbourne,Retail,100,NULL,2/6/2023,Acquired,Australia,80
"VinFast US","Los Angeles",Transportation,80,NULL,2/6/2023,Subsidiary,"United States",NULL
Drift,Boston,Marketing,59,NULL,2/6/2023,Acquired,"United States",107
"Pocket Aces",Mumbai,Media,50,0.25,2/6/2023,Unknown,India,19
Clari,"SF Bay Area",Sales,20,NULL,2/6/2023,"Series F","United States",496
"C6 Bank","Sao Paulo",Finance,NULL,NULL,2/6/2023,Unknown,Brazil,2300
Daraz,Singapore,Retail,NULL,0.11,2/6/2023,Unknown,Singapore,NULL
TenureX,"Tel Aviv",Finance,NULL,NULL,2/6/2023,Seed,Israel,6
Kyruus,Boston,Healthcare,70,NULL,2/5/2023,Unknown,"United States",183
Lightico,"Tel Aviv",Finance,20,0.25,2/5/2023,"Series B",Israel,42
FarEye,"New Delhi",Logistics,90,NULL,2/3/2023,"Series E",India,150
"Protocol Labs","SF Bay Area",Crypto,89,0.2,2/3/2023,Unknown,"United States",10
Finder,Sydney,Retail,NULL,0.15,2/3/2023,Unknown,Australia,30
Byju's,Bengaluru,Education,1500,NULL,2/2/2023,"Private Equity",India,5500
Okta,"SF Bay Area",Security,300,0.05,2/2/2023,Post-IPO,"United States",1200
Autodesk,"SF Bay Area",Other,250,0.02,2/2/2023,Post-IPO,"United States",NULL
Mindstrong,"SF Bay Area",Healthcare,127,NULL,2/2/2023,"Series C","United States",160
"NCC Group",Manchester,Security,125,0.07,2/2/2023,Post-IPO,"United Kingdom",NULL
Miro,"SF Bay Area",Other,119,0.07,2/2/2023,"Series C","United States",476
Getir,"New York City",Food,100,NULL,2/2/2023,"Series E","United States",1800
Highspot,Seattle,Sales,100,0.1,2/2/2023,"Series F","United States",644
Bittrex,Seattle,Crypto,80,NULL,2/2/2023,Unknown,"United States",NULL
Snowplow,London,Data,40,NULL,2/2/2023,"Series B","United States",55
Articulate,"New York City",Education,38,NULL,2/2/2023,"Series A","United States",1500
"Desktop Metal",Boston,Other,NULL,NULL,2/2/2023,Post-IPO,"United States",811
Getaround,"SF Bay Area",Transportation,NULL,0.1,2/2/2023,Post-IPO,"United States",948
NCSoft,Seoul,Consumer,NULL,0.2,2/2/2023,Post-IPO,"South Korea",240
Talkdesk,"SF Bay Area",Support,NULL,NULL,2/2/2023,"Series D","United States",497
Splunk,"SF Bay Area",Data,325,0.04,2/1/2023,Post-IPO,"United States",2400
Pinterest,"SF Bay Area",Consumer,150,NULL,2/1/2023,Post-IPO,"United States",1500
DraftKings,Boston,Consumer,140,0.04,2/1/2023,Post-IPO,"United States",719
Cyren,"Washington D.C.",Security,121,NULL,2/1/2023,Post-IPO,"United States",161
Workato,"SF Bay Area",Other,90,0.1,2/1/2023,"Series E","United States",415
VerticalScope,Toronto,Media,60,0.22,2/1/2023,Post-IPO,Canada,NULL
Wheel,Austin,Healthcare,56,0.28,2/1/2023,"Series C","United States",215
Chainalysis,"New York City",Crypto,44,0.05,2/1/2023,"Series F","United States",536
Appgate,Miami,Security,34,0.08,2/1/2023,Post-IPO,"United States",NULL
Exterro,Portland,Legal,24,0.03,2/1/2023,"Private Equity","United States",100
TheSkimm,"New York City",Media,17,0.1,2/1/2023,"Series C","United States",28
Ada,Toronto,Support,NULL,NULL,2/1/2023,"Series C",Canada,190
"Bustle Digital Group","New York City",Media,NULL,0.08,2/1/2023,"Series E","United States",80
"Frequency Therapeutics",Boston,Healthcare,NULL,0.5,2/1/2023,Post-IPO,"United States",76
MariaDB,Helsinki,Data,NULL,0.08,2/1/2023,Post-IPO,Finland,245
"Match Group","New York City",Consumer,NULL,0.08,2/1/2023,Post-IPO,"United States",NULL
Omnipresent,London,HR,NULL,NULL,2/1/2023,"Series B","United States",137
Picnic,Seattle,Food,NULL,NULL,2/1/2023,Unknown,"United States",52
Rivian,Detroit,Transportation,NULL,0.06,2/1/2023,Post-IPO,"United States",10700
PayPal,"SF Bay Area",Finance,2000,0.07,1/31/2023,Post-IPO,"United States",216
NetApp,"SF Bay Area",Data,960,0.08,1/31/2023,Post-IPO,"United States",NULL
Workday,"SF Bay Area",HR,525,0.03,1/31/2023,Post-IPO,"United States",230
HubSpot,Boston,Marketing,500,0.07,1/31/2023,Post-IPO,"United States",100
Upstart,"SF Bay Area",Finance,365,0.2,1/31/2023,Post-IPO,"United States",144
"Software AG",Frankfurt,Data,200,0.04,1/31/2023,Post-IPO,Germany,344
Wish,"SF Bay Area",Retail,150,0.17,1/31/2023,Post-IPO,"United States",1600
Wefox,Berlin,Finance,100,NULL,1/31/2023,"Series D",Germany,1300
"Tilting Point","New York City",Consumer,60,0.14,1/31/2023,Unknown,"United States",235
Gokada,Lagos,Transportation,54,NULL,1/31/2023,Unknown,Nigeria,12
AU10TIX,"Tel Aviv",Security,19,0.09,1/31/2023,Unknown,Israel,80
"National Instruments",Austin,Hardware,NULL,0.04,1/31/2023,Post-IPO,"United States",NULL
OpenText,Waterloo,Data,NULL,0.08,1/31/2023,Post-IPO,Canada,1100
Philips,Amsterdam,Healthcare,6000,0.13,1/30/2023,Post-IPO,Netherlands,NULL
"OLX Group",Amsterdam,Marketing,1500,0.15,1/30/2023,Acquired,Netherlands,NULL
Arrival,London,Transportation,800,0.5,1/30/2023,Post-IPO,"United Kingdom",629
Groupon,Chicago,Retail,500,NULL,1/30/2023,Post-IPO,"United States",1400
Intel,"SF Bay Area",Hardware,343,NULL,1/30/2023,Post-IPO,"United States",12
Glovo,Barcelona,Food,250,0.06,1/30/2023,Acquired,Spain,1200
"Delivery Hero",Berlin,Food,156,0.04,1/30/2023,Post-IPO,Germany,9900
"Impossible Foods copy","SF Bay Area",Food,140,0.2,1/30/2023,"Series H","United States",1900
Chrono24,Karlsruhe,Retail,65,0.13,1/30/2023,"Series C",Germany,205
"BM Technologies",Philadelphia,Finance,NULL,0.25,1/30/2023,Post-IPO,"United States",NULL
Olist,Curitiba,Retail,NULL,NULL,1/30/2023,"Series E",Brazil,322
Oyster,Charlotte,HR,NULL,NULL,1/30/2023,"Series C","United States",224
"Prime Trust","Las Vegas",Crypto,NULL,0.33,1/30/2023,"Series B","United States",176
"Quantum SI","New Haven",Healthcare,NULL,0.12,1/30/2023,Post-IPO,"United States",425
SoFi,"SF Bay Area",Finance,NULL,NULL,1/30/2023,Post-IPO,"United States",3000
Hoxhunt,Helsinki,Security,NULL,NULL,1/29/2023,"Series B",Finland,43
"Me Poupe","Sao Paulo",Finance,60,0.5,1/28/2023,Unknown,Brazil,NULL
CoinTracker,"SF Bay Area",Crypto,19,NULL,1/28/2023,"Series A","United States",101
SSense,Montreal,Retail,138,0.07,1/27/2023,"Series A",Canada,NULL
DealShare,Bengaluru,Retail,100,0.06,1/27/2023,"Series E",India,390
Ruggable,"Los Angeles",Retail,100,NULL,1/27/2023,Seed,"United States",NULL
Synopsys,"SF Bay Area",Other,100,NULL,1/27/2023,Post-IPO,"United States",NULL
Heycar,Berlin,Transportation,73,NULL,1/27/2023,Unknown,Germany,NULL
Matrixport,Singapore,Crypto,29,0.1,1/27/2023,"Series C",Singapore,100
Shakepay,Montreal,Crypto,21,0.25,1/27/2023,"Series A",Canada,45
#Paid,Toronto,Marketing,19,0.17,1/27/2023,"Series B",Canada,21
Decent,"SF Bay Area",Healthcare,NULL,NULL,1/27/2023,"Series A","United States",18
Feedzai,Coimbra,Finance,NULL,NULL,1/27/2023,Unknown,Portugal,273
Nate,"New York City",Retail,NULL,NULL,1/27/2023,"Series A","United States",47
SAP,Walldorf,Other,3000,0.03,1/26/2023,Post-IPO,Germany,1300
Confluent,"SF Bay Area",Data,221,0.08,1/26/2023,Post-IPO,"United States",455
DriveWealth,"Jersey City",Finance,NULL,0.2,1/26/2023,"Series D","United States",550
"Mode Global",London,Finance,NULL,1,1/26/2023,Post-IPO,"United Kingdom",NULL
"Plus One Robotics","San Antonio",Other,NULL,0.1,1/26/2023,"Series B","United States",43
Quora,"SF Bay Area",Consumer,NULL,NULL,1/26/2023,"Series D","United States",226
IBM,"New York City",Hardware,3900,0.02,1/25/2023,Post-IPO,"United States",NULL
"Lam Research","SF Bay Area",Hardware,1300,0.07,1/25/2023,Post-IPO,"United States",NULL
Shutterfly,"SF Bay Area",Retail,360,NULL,1/25/2023,Acquired,"United States",50
Luno,London,Crypto,330,0.35,1/25/2023,Acquired,"United Kingdom",13
"Clear Capital",Reno,"Real Estate",250,0.25,1/25/2023,Unknown,"United States",NULL
"Guardant Health","SF Bay Area",Healthcare,130,0.07,1/25/2023,Post-IPO,"United States",550
SirionLabs,Seattle,Legal,130,0.15,1/25/2023,"Series D","United States",171
"Tier Mobility",Berlin,Transportation,80,0.07,1/25/2023,"Series D",Germany,646
CareRev,"Los Angeles",Retail,NULL,NULL,1/25/2023,"Series A","United States",51
Finastra,"Tel Aviv",Finance,NULL,NULL,1/25/2023,Unknown,Israel,NULL
Noom,"New York City",Fitness,NULL,NULL,1/25/2023,"Series F","United States",657
PagSeguro,"Sao Paulo",Finance,NULL,0.07,1/25/2023,Post-IPO,Brazil,NULL
Prosus,Amsterdam,Other,NULL,0.3,1/25/2023,Unknown,Netherlands,NULL
Vacasa,Portland,Travel,1300,0.17,1/24/2023,Post-IPO,"United States",834
Innovaccer,"SF Bay Area",Healthcare,245,0.15,1/24/2023,"Series E","United States",379
Bolt,"SF Bay Area",Finance,50,0.1,1/24/2023,"Series E","United States",1300
PartnerStack,Toronto,Sales,40,0.2,1/24/2023,"Series B",Canada,36
Gitpod,Kiel,Product,21,0.28,1/24/2023,"Series A",Germany,41
"OFFOR Health",Columbus,Healthcare,16,NULL,1/24/2023,"Series A","United States",14
Venngage,Toronto,Marketing,11,0.2,1/24/2023,Unknown,Canada,NULL
CoachHub,Berlin,HR,NULL,0.1,1/24/2023,"Series C",Germany,332
"Corvus Insurance",Boston,Finance,NULL,0.14,1/24/2023,"Series C","United States",160
Icon,Austin,Construction,NULL,NULL,1/24/2023,"Series B","United States",451
PagerDuty,"SF Bay Area",Product,NULL,0.07,1/24/2023,Post-IPO,"United States",173
Scoro,London,HR,NULL,0.09,1/24/2023,"Series B","United Kingdom",23
Spotify,Stockholm,Media,600,0.06,1/23/2023,Post-IPO,Sweden,2100
"Uber Freight","SF Bay Area",Logistics,150,0.03,1/23/2023,Subsidiary,"United States",2700
Inmobi,Bengaluru,Marketing,50,NULL,1/23/2023,Unknown,India,320
Innovid,"New York City",Marketing,40,0.1,1/23/2023,Post-IPO,"United States",295
Booktopia,Sydney,Retail,30,NULL,1/23/2023,"Series A",Australia,23
Ermetic,"SF Bay Area",Security,30,0.17,1/23/2023,"Series B","United States",97
Namogoo,"Tel Aviv",Marketing,20,0.15,1/23/2023,"Series C","United States",69
"Camp K12",Gurugram,Education,NULL,0.7,1/23/2023,"Series A",India,16
Gemini,"New York City",Crypto,NULL,0.1,1/23/2023,Unknown,"United States",423
Yext,"New York City",Marketing,NULL,0.08,1/23/2023,Post-IPO,"United States",117
BUX,Amsterdam,Finance,NULL,NULL,1/22/2023,"Series C",Netherlands,115
Google,"SF Bay Area",Consumer,12000,0.06,1/20/2023,Post-IPO,"United States",26
Wayfair,Boston,Retail,1750,0.1,1/20/2023,Post-IPO,"United States",1700
Swiggy,Bengaluru,Food,380,0.06,1/20/2023,Unknown,India,3600
MediBuddy,Bengaluru,Healthcare,200,NULL,1/20/2023,Acquired,India,192
"Vox Media","Washington D.C.",Media,130,0.07,1/20/2023,"Series F","United States",307
BitTorrent,"SF Bay Area",Infrastructure,92,NULL,1/20/2023,Acquired,"United States",NULL
Karat,Seattle,HR,47,NULL,1/20/2023,Unknown,"United States",169
Enjoei,"Sao Paulo",Retail,31,0.1,1/20/2023,Unknown,Brazil,14
Edifecs,Seattle,Healthcare,30,NULL,1/20/2023,Unknown,"United States",1
"Citrine Informatics","SF Bay Area",Data,22,0.27,1/20/2023,"Series C","United States",64
Avalara,Seattle,Finance,NULL,NULL,1/20/2023,Acquired,"United States",341
"Cyteir Therapeutics",Boston,Healthcare,NULL,0.7,1/20/2023,"Series C","United States",156
"Morning Consult","Washington D.C.",Data,NULL,NULL,1/20/2023,"Series B","United States",91
TikTok,"Los Angeles",Consumer,NULL,NULL,1/20/2023,Acquired,"United States",NULL
Zappos,"Las Vegas",Retail,NULL,NULL,1/20/2023,Acquired,"United States",62
"Capital One","Washington D.C.",Finance,1100,NULL,1/19/2023,Post-IPO,"United States",NULL
Proterra,"SF Bay Area",Transportation,300,NULL,1/19/2023,Post-IPO,"United States",1200
"WeWork ","New York City","Real Estate",300,NULL,1/19/2023,Post-IPO,"United States",22200
Hubilo,"SF Bay Area",Other,115,0.35,1/19/2023,"Series B","United States",153
Saks.com,"New York City",Retail,100,0.05,1/19/2023,Unknown,"United States",965
"CS Disco",Austin,Legal,62,0.09,1/19/2023,Post-IPO,"United States",233
"Riot Games","Los Angeles",Consumer,46,NULL,1/19/2023,Acquired,"United States",21
Hydrow,Boston,Fitness,30,NULL,1/19/2023,"Series D","United States",269
"Earth Rides",Nashville,Transportation,NULL,1,1/19/2023,Unknown,"United States",2
Fandom,"SF Bay Area",Media,NULL,NULL,1/19/2023,"Series E","United States",145
"IAM Robotics",Pittsburgh,Hardware,NULL,NULL,1/19/2023,Unknown,"United States",21
Icertis,Seattle,Legal,NULL,NULL,1/19/2023,Unknown,"United States",521
Magnite,"Los Angeles",Marketing,NULL,0.06,1/19/2023,Post-IPO,"United States",400
Mudafy,"Mexico City","Real Estate",NULL,0.7,1/19/2023,"Series A","United States",13
Personalis,"SF Bay Area",Healthcare,NULL,0.3,1/19/2023,Post-IPO,"United States",225
Prisma,"SF Bay Area",Data,NULL,0.28,1/19/2023,"Series B","United States",56
Spaceship,Sydney,Finance,NULL,NULL,1/19/2023,"Series A",Australia,41
Wallbox,Barcelona,Energy,NULL,0.15,1/19/2023,Post-IPO,Spain,167
Microsoft,Seattle,Other,10000,0.05,1/18/2023,Post-IPO,"United States",1
Sophos,Oxford,Security,450,0.1,1/18/2023,Acquired,"United States",125
"Teladoc Health","New York City",Healthcare,300,0.06,1/18/2023,Post-IPO,"United States",172
Vroom,"New York City",Transportation,275,0.2,1/18/2023,Post-IPO,"United States",1300
8x8,"SF Bay Area",Support,155,0.07,1/18/2023,Post-IPO,"United States",253
Pagaya,"New York City",Finance,140,0.2,1/18/2023,Post-IPO,"United States",571
Benevity,Calgary,Other,137,0.14,1/18/2023,Unknown,Canada,69
Inspirato,Denver,Travel,109,0.12,1/18/2023,Post-IPO,"United States",179
Jumpcloud,Boulder,Security,100,0.12,1/18/2023,"Series F","United States",416
nCino,Wilmington,Finance,100,0.07,1/18/2023,Post-IPO,"United States",1100
Starry,Boston,Other,100,0.24,1/18/2023,Post-IPO,"United States",260
Hootsuite,Vancouver,Marketing,70,0.07,1/18/2023,"Series C",Canada,300
Clue,Berlin,Healthcare,31,0.31,1/18/2023,Unknown,Germany,47
Addepar,"SF Bay Area",Finance,20,0.03,1/18/2023,"Series F","United States",491
"80 Acres Farms",Cincinnati,Food,NULL,0.1,1/18/2023,Unknown,"United States",275
Aiven,Helsinki,Infrastructure,NULL,0.2,1/18/2023,"Series D",Finland,420
"Bally's Interactive",Providence,NULL,NULL,0.15,1/18/2023,Post-IPO,"United States",946
Betterfly,Santiago,Healthcare,NULL,0.3,1/18/2023,"Series C",Chile,204
Cazoo,London,Transportation,NULL,NULL,1/18/2023,Post-IPO,"United Kingdom",2000
Coda,"SF Bay Area",Other,NULL,NULL,1/18/2023,"Series D","United States",240
Cypress.io,Atlanta,Product,NULL,NULL,1/18/2023,"Series B","United States",54
"Lucid Diagnostics","New York City",Healthcare,NULL,0.2,1/18/2023,Post-IPO,"United States",NULL
Mavenir,Dallas,Infrastructure,NULL,NULL,1/18/2023,Acquired,"United States",854
Redbubble,Melbourne,Retail,NULL,0.14,1/18/2023,Post-IPO,Australia,55
"Lightspeed Commerce",Montreal,Retail,300,0.1,1/17/2023,Post-IPO,Canada,1200
Unity,"SF Bay Area",Other,284,0.03,1/17/2023,Post-IPO,"United States",1300
Britishvolt,London,Transportation,206,1,1/17/2023,Unknown,"United Kingdom",2400
Clutch,Toronto,Transportation,150,NULL,1/17/2023,Unknown,Canada,253
Exotel,Bengaluru,Support,142,0.15,1/17/2023,"Series D",India,87
Unico,"Sao Paulo",Other,110,0.1,1/17/2023,"Series D",Brazil,336
Tul,Bogota,Construction,100,NULL,1/17/2023,"Series B",Colombia,218
"American Robotics",Boston,Other,50,0.65,1/17/2023,Acquired,"United States",92
"Luxury Presence","Los Angeles","Real Estate",44,NULL,1/17/2023,"Series B","United States",31
RingCentral,"SF Bay Area",Other,30,NULL,1/17/2023,Post-IPO,"United States",44
Fishbrain,Stockholm,Consumer,NULL,NULL,1/17/2023,Unknown,"United States",59
GoMechanic,Gurugram,Transportation,NULL,0.7,1/17/2023,"Series C",India,54
LiveVox,"SF Bay Area",Support,NULL,0.16,1/17/2023,Post-IPO,"United States",12
Oracle,"SF Bay Area",Other,NULL,NULL,1/17/2023,Post-IPO,"United States",NULL
Rappi,"Buenos Aires",Food,NULL,NULL,1/17/2023,Unknown,Argentina,2300
RateGenius,Austin,Finance,NULL,NULL,1/17/2023,Acquired,"United States",2
XP,"Sao Paulo",Finance,NULL,NULL,1/17/2023,Post-IPO,Brazil,NULL
PagBank,"Sao Paulo",Finance,500,0.07,1/16/2023,Post-IPO,Brazil,NULL
ShareChat,Bengaluru,Consumer,500,0.2,1/16/2023,"Series H",India,1700
Gramophone,Indore,Food,75,NULL,1/16/2023,"Series B",India,17
ClearCo,Toronto,Finance,50,0.3,1/16/2023,"Series C",Canada,698
Dunzo,Bengaluru,Food,NULL,0.03,1/16/2023,Unknown,India,382
Ignition,Sydney,Finance,NULL,0.1,1/16/2023,"Series C",Australia,74
"Rebel Foods",Mumbai,Food,NULL,0.02,1/16/2023,Unknown,India,548
"Captain Fresh ",Bengaluru,Food,120,NULL,1/15/2023,"Series C",India,126
Snappy,"New York City",Marketing,100,0.3,1/15/2023,"Series C","United States",104
BharatAgri,Mumbai,Food,40,0.43,1/15/2023,"Series A",India,21
DeHaat,Patna,Food,NULL,0.05,1/15/2023,"Series E",India,254
"Black Shark",Shenzen,Hardware,900,NULL,1/13/2023,Unknown,China,NULL
Ola,Bengaluru,Transportation,200,NULL,1/13/2023,"Series J",India,5000
"Bonterra ",Austin,Other,140,0.1,1/13/2023,Unknown,"United States",NULL
Vial,"SF Bay Area",Healthcare,40,NULL,1/13/2023,"Series B","United States",101
"Arch Oncology",Brisbane,Healthcare,NULL,1,1/13/2023,"Series C","United States",155
Carvana,Phoenix,Transportation,NULL,NULL,1/13/2023,Post-IPO,"United States",1600
CoSchedule,Bismarck,Marketing,NULL,NULL,1/13/2023,Unknown,"United States",2
GoCanvas,"Washington D.C.",Other,NULL,NULL,1/13/2023,Acquired,"United States",21
Jellyfish,Boston,Product,NULL,0.09,1/13/2023,"Series C","United States",114
"Lending Club","SF Bay Area",Finance,225,0.14,1/12/2023,Post-IPO,"United States",392
SmartNews,Tokyo,Media,120,0.4,1/12/2023,"Series F","United States",410
Skit.ai,Bengaluru,Support,115,NULL,1/12/2023,"Series B",India,28
Pier,"Sao Paulo",Finance,111,0.39,1/12/2023,"Series B",Brazil,42
Blockchain.com,London,Crypto,110,0.28,1/12/2023,"Series D","United Kingdom",490
Greenlight,Atlanta,Finance,104,0.21,1/12/2023,"Series D","United States",556
"Cashfree Payments",Bengaluru,Finance,100,NULL,1/12/2023,"Series B",India,41
Mapbox,"Washington D.C.",Data,64,NULL,1/12/2023,Unknown,"United States",334
"Definitive Healthcare",Boston,Healthcare,55,0.06,1/12/2023,Post-IPO,"United States",NULL
"Akili Labs",Baltimore,Healthcare,46,0.3,1/12/2023,Seed,"United States",NULL
"Career Karma","SF Bay Area",Education,22,NULL,1/12/2023,"Series B","United States",51
Crypto.com,Singapore,Crypto,NULL,0.2,1/12/2023,Unknown,"United States",NULL
Lattice,"SF Bay Area",HR,NULL,0.15,1/12/2023,"Series F","United States",328
Life360,"SF Bay Area",Consumer,NULL,0.14,1/12/2023,Post-IPO,"United States",158
"Rock Content",Miami,Marketing,NULL,0.15,1/12/2023,"Series B","United States",34
Flexport,"SF Bay Area",Logistics,640,0.2,1/11/2023,"Series E","United States",2400
Qualtrics,"Salt Lake City",Other,270,0.05,1/11/2023,Post-IPO,"United States",400
Verily,"SF Bay Area",Healthcare,250,0.15,1/11/2023,NULL,"United States",3500
Tipalti,"SF Bay Area",Finance,123,0.11,1/11/2023,"Series F","United States",565
Jumio,"SF Bay Area",Security,100,0.06,1/11/2023,"Private Equity","United States",205
CoinDCX,Mumbai,Crypto,80,NULL,1/11/2023,"Series D",India,244
HashiCorp,"SF Bay Area",Security,69,NULL,1/11/2023,Post-IPO,"United States",349
Embark,Boston,Healthcare,41,NULL,1/11/2023,"Series B","United States",94
Intrinsic,"SF Bay Area",Other,40,0.2,1/11/2023,Acquired,"United States",NULL
Citizen,"New York City",Consumer,33,NULL,1/11/2023,"Series C","United States",133
Carta,"SF Bay Area",HR,NULL,0.1,1/11/2023,"Series G","United States",1100
Limeade,Seattle,HR,NULL,0.15,1/11/2023,"Series C","United States",33
Oyster,Charlotte,HR,NULL,NULL,1/11/2023,"Series C","United States",224
Paddle,London,Finance,NULL,0.08,1/11/2023,"Series D","United Kingdom",293
Coinbase,"SF Bay Area",Crypto,950,0.2,1/10/2023,Post-IPO,"United States",549
Informatica,"SF Bay Area",Data,450,0.07,1/10/2023,Post-IPO,"United States",NULL
Blend,"SF Bay Area",Finance,340,0.28,1/10/2023,Post-IPO,"United States",665
"Till Payments",Sydney,Finance,120,NULL,1/10/2023,"Series C",Australia,95
ConsenSys,"New York City",Crypto,100,0.11,1/10/2023,"Series D","United States",726
ForeScout,"SF Bay Area",Security,100,0.1,1/10/2023,Post-IPO,"United States",125
Thinkific,Vancouver,Education,76,0.19,1/10/2023,Post-IPO,Canada,22
LEAD,Mumbai,Education,60,NULL,1/10/2023,"Series E",India,190
Parler,Nashville,Consumer,60,0.75,1/10/2023,"Series B","United States",36
GoBolt,Toronto,Logistics,55,0.05,1/10/2023,"Series C",Canada,178
Relevel,Bengaluru,HR,40,0.2,1/10/2023,NULL,India,NULL
StreamElements,"Tel Aviv",Media,40,0.2,1/10/2023,"Series B",Israel,111
"100 Thieves","Los Angeles",Retail,NULL,NULL,1/10/2023,"Series C","United States",120
Beamery,London,HR,NULL,0.12,1/10/2023,"Series D","United States",223
Cart.com,Austin,Retail,NULL,NULL,1/10/2023,Unknown,"United States",383
Citrix,Miami,Infrastructure,NULL,0.15,1/10/2023,Acquired,"United States",20
Esper,Seattle,Other,NULL,0.21,1/10/2023,"Series A","United States",10
WHOOP,Boston,Fitness,NULL,0.04,1/10/2023,"Series F","United States",404
"Fate Therapeutics","San Diego",Healthcare,315,0.57,1/9/2023,Post-IPO,"United States",1200
"Century Therapeutics",Philadelphia,Healthcare,NULL,NULL,1/9/2023,Post-IPO,"United States",560
"Editas Medicine",Boston,Healthcare,NULL,0.2,1/9/2023,Post-IPO,"United States",656
"Scale AI","SF Bay Area",Data,NULL,0.2,1/9/2023,"Series E","United States",602
"Minute Media",London,Media,50,0.1,1/8/2023,"Series I","United Kingdom",160
WalkMe,"SF Bay Area",Other,43,0.03,1/8/2023,Post-IPO,"United States",307
Huobi,Beijing,Crypto,275,0.2,1/6/2023,Unknown,China,2
"Carbon Health","SF Bay Area",Healthcare,200,NULL,1/6/2023,"Series D","United States",522
Bounce,Bengaluru,Transportation,40,0.05,1/6/2023,"Series D",India,214
Aware,Columbus,Security,NULL,NULL,1/6/2023,"Series C","United States",88
CareerArc,"Los Angeles",HR,NULL,NULL,1/6/2023,"Private Equity","United States",30
CreateMe,"SF Bay Area",Manufacturing,NULL,NULL,1/6/2023,Unknown,"United States",NULL
Lantern,"Grand Rapids",Retail,NULL,1,1/6/2023,Seed,"United States",40
"Mojo Vision","SF Bay Area",Hardware,NULL,0.75,1/6/2023,"Series B","United States",204
SuperRare,Wilmington,Crypto,NULL,0.3,1/6/2023,"Series A","United States",9
Cue,"San Diego",Healthcare,388,NULL,1/5/2023,Post-IPO,"United States",999
SoundHound,"SF Bay Area",Other,200,0.5,1/5/2023,Post-IPO,"United States",326
Socure,Reno,Finance,104,0.19,1/5/2023,"Series E","United States",646
Genesis,"New York City",Crypto,60,0.3,1/5/2023,"Series A","United States",NULL
Moglix,Singapore,Retail,40,0.02,1/5/2023,"Series F",Singapore,472
Twitter,"SF Bay Area",Consumer,40,NULL,1/5/2023,Post-IPO,"United States",12900
Everlane,"SF Bay Area",Retail,30,0.17,1/5/2023,Unknown,"United States",176
"Pecan AI","Tel Aviv",Data,30,0.25,1/5/2023,"Series C",Israel,116
Personetics,"New York City",Support,30,0.08,1/5/2023,"Private Equity","United States",178
"Twine Solutions ","Tel Aviv",Hardware,30,0.33,1/5/2023,Unknown,Israel,50
UpScalio,Gurugram,Retail,25,0.15,1/5/2023,"Series B",India,62
Attentive,"New York City",Marketing,NULL,0.15,1/5/2023,"Series E","United States",863
Compass,"New York City","Real Estate",NULL,NULL,1/5/2023,Post-IPO,"United States",1600
Megaport,Brisbane,Infrastructure,NULL,NULL,1/5/2023,Post-IPO,Australia,98
"Stitch Fix","SF Bay Area",Retail,NULL,0.2,1/5/2023,Post-IPO,"United States",79
TCR2,Boston,Healthcare,NULL,0.4,1/5/2023,Post-IPO,"United States",173
Amazon,Seattle,Retail,8000,0.02,1/4/2023,Post-IPO,"United States",108
Salesforce,"SF Bay Area",Sales,8000,0.1,1/4/2023,Post-IPO,"United States",65
Astronomer,Cincinnati,Data,76,0.2,1/4/2023,"Series C","United States",282
Kaltura,"New York City",Media,75,0.11,1/4/2023,Post-IPO,"United States",166
Augury,"New York City",Manufacturing,20,0.05,1/4/2023,"Series E","United States",274
"Butterfly Network",Boston,Healthcare,NULL,0.25,1/4/2023,Post-IPO,"United States",530
Vimeo,"New York City",Consumer,NULL,0.11,1/4/2023,Post-IPO,"United States",450
Wyre,"SF Bay Area",Crypto,NULL,1,1/4/2023,Unknown,"United States",29
Pegasystems,Boston,HR,245,0.04,1/3/2023,Post-IPO,"United States",NULL
Uniphore,"SF Bay Area",Support,76,0.1,1/3/2023,"Series E","United States",620
Harappa,"New Delhi",Education,60,0.3,1/3/2023,Acquired,India,NULL
ByteDance,Shanghai,Consumer,NULL,0.1,1/3/2023,Unknown,China,9400
Amdocs,"St. Louis",Support,700,0.03,1/2/2023,Post-IPO,"United States",NULL
Bilibili,Shanghai,Media,NULL,0.3,12/27/2022,Post-IPO,China,3700
"Octopus Network","Beau Vallon",Crypto,NULL,0.4,12/27/2022,"Series A",Seychelles,8
PayU,Amsterdam,Finance,150,0.06,12/26/2022,Acquired,Netherlands,NULL
Element,London,Other,NULL,0.15,12/25/2022,"Series B","United Kingdom",96
Willow,Sydney,"Real Estate",99,0.22,12/23/2022,Unknown,Australia,NULL
"Back Market",Paris,Retail,93,0.13,12/23/2022,"Series E",France,1000
Zoopla,London,"Real Estate",50,NULL,12/23/2022,"Series C","United Kingdom",25
Qualcomm,"San Diego",Hardware,153,NULL,12/22/2022,Post-IPO,"United States",NULL
TuSimple,"San Diego",Transportation,350,0.25,12/21/2022,Post-IPO,"United States",648
Lendis,Berlin,Other,NULL,0.5,12/21/2022,"Series A",Germany,90
Chope,Singapore,Food,65,0.24,12/20/2022,"Series E",Singapore,50
Briza,Toronto,Finance,26,0.4,12/20/2022,"Series A",Canada,10
StreetBees,London,Data,NULL,NULL,12/20/2022,Unknown,"United Kingdom",63
Zhihu,Beijing,Consumer,NULL,0.1,12/20/2022,"Series F",China,892
Homebot,Denver,"Real Estate",18,0.13,12/19/2022,Acquired,"United States",4
"Health IQ","SF Bay Area",Healthcare,NULL,NULL,12/19/2022,"Series D","United States",136
Xiaomi,Beijing,Consumer,NULL,NULL,12/19/2022,Post-IPO,"United States",7400
YourGrocer,Melbourne,Food,NULL,1,12/19/2022,Unknown,Australia,2
Tomorrow,Hamburg,Finance,30,0.25,12/16/2022,Unknown,Germany,29
Revelate,Montreal,Data,24,0.3,12/16/2022,"Series A",Canada,26
" E Inc.",Toronto,Transportation,NULL,NULL,12/16/2022,Post-IPO,Canada,NULL
Autograph,"Los Angeles",Crypto,NULL,NULL,12/16/2022,"Series B","United States",205
Improbable,London,Other,NULL,0.1,12/16/2022,Unknown,"United Kingdom",704
"Modern Treasury","SF Bay Area",Finance,NULL,0.18,12/16/2022,"Series C","United States",183
Reach,Calgary,Retail,NULL,0.12,12/16/2022,"Series A",Canada,30
SonderMind,Denver,Healthcare,NULL,0.15,12/16/2022,"Series C","United States",183
BigCommerce,Austin,Retail,180,0.13,12/15/2022,Post-IPO,"United States",224
Freshworks,"SF Bay Area",Support,90,0.02,12/15/2022,Post-IPO,"United States",484
LeafLink,"New York City",Other,80,0.31,12/15/2022,"Series C","United States",379
Workmotion,Berlin,HR,60,0.2,12/15/2022,"Series B","United States",76
Apollo,"SF Bay Area",Product,NULL,0.15,12/15/2022,"Series D","United States",183
JD.ID,Jakarta,Retail,200,0.3,12/14/2022,Post-IPO,Indonesia,5100
GoStudent,Vienna,Education,100,NULL,12/14/2022,"Series D",Austria,686
"Quanergy Systems","SF Bay Area",Transportation,72,NULL,12/14/2022,Post-IPO,"United States",175
Headspace,"Los Angeles",Healthcare,50,0.04,12/14/2022,Unknown,"United States",215
ChowNow,"Los Angeles",Food,40,0.1,12/14/2022,"Series C","United States",64
Landing,Birmingham,"Real Estate",NULL,NULL,12/14/2022,"Series C","United States",347
Thumbtack,"SF Bay Area",Consumer,160,0.14,12/13/2022,"Series I","United States",698
Edgio,Phoenix,Infrastructure,95,0.1,12/13/2022,Post-IPO,"United States",462
"Komodo Health","SF Bay Area",Healthcare,78,0.09,12/13/2022,"Series E","United States",514
Viant,"Los Angeles",Marketing,46,0.13,12/13/2022,Post-IPO,"United States",NULL
TaxBit,"Salt Lake City",Crypto,NULL,NULL,12/13/2022,"Series B","United States",235
Pluralsight,"Salt Lake City",Education,400,0.2,12/12/2022,Acquired,"United States",192
Freshly,Phoenix,Food,329,NULL,12/12/2022,Acquired,"United States",107
Balto,"St. Louis",Sales,35,NULL,12/12/2022,"Series B","United States",51
Caribou,"Washington D.C.",Finance,NULL,NULL,12/12/2022,"Series C","United States",189
Outschool,"SF Bay Area",Education,43,0.25,12/10/2022,"Series D","United States",240
Xentral,Munich,Product,20,0.1,12/10/2022,"Series B",Germany,94
Autobooks,Detroit,Finance,NULL,NULL,12/10/2022,"Series C","United States",97
Convene,"New York City","Real Estate",NULL,NULL,12/10/2022,Unknown,"United States",281
PharmEasy,Mumbai,Healthcare,NULL,NULL,12/10/2022,Unknown,India,1600
Playtika,"Tel Aviv",Consumer,600,0.15,12/9/2022,Post-IPO,Israel,NULL
"Share Now",Berlin,Transportation,150,0.36,12/9/2022,Acquired,Germany,NULL
Alice,"Sao Paulo",Healthcare,113,0.16,12/9/2022,"Series C",Brazil,174
Primer,London,Finance,85,0.33,12/9/2022,"Series B","United Kingdom",73
OneFootball,Berlin,Marketing,62,0.115,12/9/2022,"Series D",Germany,442
C2FO,"Kansas City",Finance,20,0.02,12/9/2022,"Series H","United States",537
Brodmann17,"Tel Aviv",Other,NULL,1,12/9/2022,"Series A",Israel,25
"Digital Surge",Brisbane,Crypto,NULL,1,12/9/2022,Unknown,Australia,NULL
"N-able Technologies",Raleigh,Other,NULL,NULL,12/9/2022,Post-IPO,"United States",225
ZenLedger,Seattle,Crypto,NULL,0.1,12/9/2022,"Series B","United States",25
Airtable,"SF Bay Area",Product,254,0.2,12/8/2022,"Series F","United States",1400
Swiggy,Bengaluru,Food,250,0.03,12/8/2022,Unknown,India,3600
Glints,Singapore,HR,198,0.18,12/8/2022,"Series D",Singapore,82
Buser,"Sao Paulo",Transportation,160,0.3,12/8/2022,"Series C",Brazil,138
BlackLine,"Los Angeles",Finance,95,0.05,12/8/2022,"Private Equity","United States",220
Chrono24,Karlsruhe,Retail,80,NULL,12/8/2022,"Series C",Germany,205
Otonomo,"Tel Aviv",Transportation,80,0.5,12/8/2022,Post-IPO,Israel,231
TechTarget,Boston,Marketing,60,0.05,12/8/2022,Post-IPO,"United States",115
Inscripta,Boulder,Healthcare,43,NULL,12/8/2022,"Series E","United States",459
CyCognito,"SF Bay Area",Security,30,0.15,12/8/2022,"Series C","United States",153
Armis,"SF Bay Area",Security,25,0.04,12/8/2022,"Private Equity","United States",537
Bakkt,Atlanta,Crypto,NULL,0.15,12/8/2022,Post-IPO,"United States",932
"Blue Apron","New York City",Food,NULL,0.1,12/8/2022,Post-IPO,"United States",352
FireHydrant,"New York City",Infrastructure,NULL,NULL,12/8/2022,"Series B","United States",32
Lenovo,Raleigh,Hardware,NULL,NULL,12/8/2022,Post-IPO,"United States",850
Nerdy,"St. Louis",Education,NULL,0.17,12/8/2022,Post-IPO,"United States",150
Vanta,"SF Bay Area",Security,NULL,0.14,12/8/2022,"Series B","United States",203
Vedantu,Bengaluru,Education,385,NULL,12/7/2022,"Series E",India,292
Loft,"Sao Paulo","Real Estate",312,0.12,12/7/2022,Unknown,Brazil,788
Plaid,"SF Bay Area",Finance,260,0.2,12/7/2022,"Series D","United States",734
Motive,"SF Bay Area",Transportation,237,0.06,12/7/2022,"Series F","United States",567
"Recur Forever",Miami,Crypto,235,NULL,12/7/2022,"Series A","United States",55
Relativity,Chicago,Legal,150,0.1,12/7/2022,"Private Equity","United States",125
Voi,Stockholm,Transportation,130,0.13,12/7/2022,"Series D","United States",515
"Integral Ad Science","New York City",Marketing,120,0.13,12/7/2022,Acquired,"United States",116
Houzz,"SF Bay Area",Consumer,95,0.08,12/7/2022,"Series E","United States",613
Grover,Berlin,Retail,40,0.1,12/7/2022,Unknown,"United States",2300
Lev,"New York City","Real Estate",30,0.3,12/7/2022,"Series B","United States",114
Lithic,"New York City",Finance,27,0.18,12/7/2022,"Series C","United States",115
CircleCI,"SF Bay Area",Product,NULL,0.17,12/7/2022,"Series F","United States",315
Sayurbox,Jakarta,Food,NULL,0.05,12/7/2022,"Series C",Indonesia,139
Zywave,Milwaukee,Finance,NULL,NULL,12/7/2022,Acquired,"United States",NULL
Doma,"SF Bay Area",Finance,515,0.4,12/6/2022,Post-IPO,"United States",679
Intel,"SF Bay Area",Hardware,201,NULL,12/6/2022,Post-IPO,"United States",12
BuzzFeed,"New York City",Media,180,0.12,12/6/2022,Post-IPO,"United States",696
Weedmaps,"Los Angeles",Other,175,0.25,12/6/2022,Acquired,"United States",NULL
Adobe,"SF Bay Area",Marketing,100,NULL,12/6/2022,Post-IPO,"United States",2
"Chipper Cash","SF Bay Area",Finance,50,0.125,12/6/2022,"Series C","United States",302
Stash,"New York City",Finance,32,0.08,12/6/2022,Unknown,"United States",480
"Perimeter 81","Tel Aviv",Security,20,0.08,12/6/2022,"Series C",Israel,165
Koinly,London,Crypto,16,0.14,12/6/2022,Unknown,"United Kingdom",NULL
Bridgit,Waterloo,Construction,13,0.13,12/6/2022,"Series B",Canada,36
Filevine,"Salt Lake City",Legal,NULL,NULL,12/6/2022,"Series D","United States",226
Moove,Lagos,Transportation,NULL,NULL,12/6/2022,Unknown,Nigeria,630
Nextiva,Phoenix,Other,NULL,0.17,12/6/2022,"Private Equity","United States",200
OneStudyTeam,Boston,Healthcare,NULL,0.25,12/6/2022,"Series D","United States",479
Zuora,"SF Bay Area",Finance,NULL,0.11,12/6/2022,Post-IPO,"United States",647
Swyftx,Brisbane,Crypto,90,0.4,12/5/2022,Unknown,Australia,NULL
"Aqua Security",Boston,Security,65,0.1,12/5/2022,"Series E","United States",265
DataRails,"Tel Aviv",Finance,30,0.18,12/5/2022,"Series B",Israel,103
Elemy,"SF Bay Area",Healthcare,NULL,NULL,12/5/2022,"Series B","United States",323
Route,Lehi,Retail,NULL,NULL,12/5/2022,Unknown,"United States",481
Thinkific,Vancouver,Education,NULL,NULL,12/5/2022,Post-IPO,Canada,22
OYO,Gurugram,Travel,600,NULL,12/3/2022,"Series F",India,4000
HealthifyMe,Bengaluru,Fitness,150,NULL,12/3/2022,"Series C",India,100
Bybit,Singapore,Crypto,NULL,0.3,12/3/2022,Unknown,Singapore,NULL
Cognyte,"Tel Aviv",Security,100,0.05,12/2/2022,Unknown,Israel,NULL
ShareChat,Bengaluru,Consumer,100,NULL,12/2/2022,Unknown,India,1700
Polly,Burlington,Finance,47,0.15,12/2/2022,"Series C","United States",184
Homebound,"SF Bay Area","Real Estate",NULL,NULL,12/2/2022,Unknown,"United States",128
"Lora DiCarlo",Bend,Consumer,NULL,1,12/2/2022,Unknown,"United States",9
Carousell,Singapore,Retail,110,0.1,12/1/2022,"Private Equity",Singapore,372
Bizzabo,"New York City",Marketing,100,0.37,12/1/2022,"Series E","United States",194
BloomTech,"SF Bay Area",Education,88,0.5,12/1/2022,Unknown,"United States",NULL
Netlify,"SF Bay Area",Product,48,0.16,12/1/2022,"Series D","United States",212
Springbig,Miami,Sales,37,0.23,12/1/2022,Post-IPO,"United States",32
Podium,Lehi,Support,NULL,0.12,12/1/2022,"Series D","United States",419
"SQZ Biotech",Boston,Healthcare,NULL,0.6,12/1/2022,Post-IPO,"United States",229
Strava,"SF Bay Area",Fitness,NULL,0.14,12/1/2022,"Series F","United States",151
Synlogic,Boston,Healthcare,NULL,0.25,12/1/2022,Post-IPO,"United States",321
Yapily,London,Finance,NULL,NULL,12/1/2022,"Series A","United Kingdom",69
DoorDash,"SF Bay Area",Food,1250,0.06,11/30/2022,Post-IPO,"United States",2500
Kraken,"SF Bay Area",Crypto,1100,0.3,11/30/2022,Unknown,"United States",134
"Happy Money","Los Angeles",Finance,158,0.34,11/30/2022,"Series D","United States",191
Ula,Jakarta,Retail,134,0.23,11/30/2022,"Series B",Indonesia,140
Wonder,"New York City",Food,130,0.07,11/30/2022,"Series B","United States",850
StudySmarter,Berlin,Education,70,NULL,11/30/2022,"Series A",Germany,64
Grin,Sacramento,Marketing,60,0.13,11/30/2022,"Series B","United States",145
UalÃ¡,"Buenos Aires",Finance,53,0.03,11/30/2022,"Series D",Argentina,544
Teachmint,Bengaluru,Education,45,0.05,11/30/2022,"Series B",India,118
Etermax,"Buenos Aires",Other,40,NULL,11/30/2022,Unknown,Argentina,NULL
Thread,London,Retail,30,0.5,11/30/2022,Acquired,"United Kingdom",40
Elastic,"SF Bay Area",Data,NULL,0.13,11/30/2022,Post-IPO,"United States",162
Motional,Boston,Transportation,NULL,NULL,11/30/2022,Unknown,"United States",NULL
Pinterest,"SF Bay Area",Consumer,NULL,NULL,11/30/2022,Post-IPO,"United States",1500
Sana,Seattle,Healthcare,NULL,0.15,11/30/2022,"Series A","United States",700
Venafi,"Salt Lake City",Security,NULL,NULL,11/30/2022,Acquired,"United States",167
Bitso,"Mexico City",Crypto,100,NULL,11/29/2022,"Series C",Mexico,378
Lyst,London,Retail,50,0.25,11/29/2022,Unknown,"United Kingdom",144
CoinJar,Melbourne,Crypto,10,0.2,11/29/2022,Unknown,Australia,1
Bitfront,"SF Bay Area",Crypto,NULL,1,11/29/2022,Unknown,"United States",NULL
Codexis,"SF Bay Area",Healthcare,NULL,0.18,11/29/2022,Post-IPO,"United States",162
Firework,"SF Bay Area",Retail,NULL,0.1,11/29/2022,"Series B","United States",269
Lazerpay,Lagos,Crypto,NULL,NULL,11/29/2022,Unknown,Nigeria,NULL
MessageBird,Amsterdam,Other,NULL,0.31,11/29/2022,"Series C",Netherlands,1100
Plerk,Guadalajara,Finance,NULL,0.4,11/29/2022,"Series A",Mexico,13
Proton.ai,Boston,Sales,NULL,NULL,11/29/2022,"Series A","United States",20
Infarm,Berlin,Other,500,0.5,11/28/2022,"Series D",Germany,604
"Wildlife Studios","Sao Paulo",Consumer,300,0.2,11/28/2022,Unknown,Brazil,260
Hirect,Bengaluru,Recruiting,200,0.4,11/28/2022,"Series A",India,NULL
ApplyBoard,Waterloo,Education,90,0.06,11/28/2022,"Series D",Canada,483
Ajaib,Jakarta,Finance,67,0.08,11/28/2022,Unknown,Indonesia,245
"Candy Digital","New York City",Crypto,33,0.33,11/28/2022,"Series A","United States",100
ResearchGate,Berlin,Other,25,0.1,11/28/2022,"Series D",Germany,87
BlockFi,"New York City",Crypto,NULL,1,11/28/2022,"Series E","United States",1000
FutureLearn,London,Education,NULL,NULL,11/28/2022,Unknown,"United Kingdom",50
Inspectify,Seattle,"Real Estate",NULL,NULL,11/28/2022,"Series A","United States",11
Ledn,Toronto,Crypto,NULL,NULL,11/28/2022,"Series B",Canada,103
NCX,"SF Bay Area",Energy,NULL,0.4,11/28/2022,"Series B","United States",78
"Change Invest",Amsterdam,Finance,NULL,0.24,11/27/2022,Unknown,Netherlands,22
Zilch,London,Finance,NULL,NULL,11/26/2022,Unknown,"United Kingdom",389
"VerSe Innovation",Bengaluru,Media,150,0.05,11/25/2022,"Series J",India,1700
Carwow,London,Transportation,70,0.2,11/25/2022,Unknown,"United Kingdom",157
Vendease,Lagos,Food,27,0.09,11/25/2022,"Series A",Nigeria,43
Lemon,"Buenos Aires",Crypto,100,0.38,11/24/2022,"Series A",Argentina,17
Quidax,Lagos,Crypto,20,0.2,11/24/2022,Unknown,Nigeria,3
Menulog,Sydney,Food,NULL,NULL,11/24/2022,Acquired,Australia,NULL
"Utopia Music",Zug,Media,NULL,NULL,11/24/2022,"Series B",Switzerland,NULL
Assure,"Salt Lake City",Finance,NULL,1,11/23/2022,Seed,"United States",2
GoodGood,Toronto,Retail,NULL,1,11/23/2022,Seed,Canada,6
SWVL,Cairo,Transportation,NULL,0.5,11/23/2022,Post-IPO,Egypt,264
"Western Digital","SF Bay Area",Hardware,251,NULL,11/22/2022,Post-IPO,"United States",900
SIRCLO,Jakarta,Retail,160,0.08,11/22/2022,"Series B",Indonesia,92
Trax,Singapore,Retail,80,0.08,11/22/2022,"Series E",Singapore,1000
"Flash Coffee",Singapore,Food,NULL,NULL,11/22/2022,"Series B",Singapore,57
Natera,"SF Bay Area",Healthcare,NULL,NULL,11/22/2022,Post-IPO,"United States",809
Rapyd,"Tel Aviv",Finance,NULL,NULL,11/22/2022,Unknown,Israel,770
Jumia,Lagos,Retail,900,0.2,11/21/2022,Post-IPO,Nigeria,1200
Kitopi,Dubai,Food,93,0.1,11/21/2022,"Series C","United States",804
Devo,Boston,Security,NULL,0.15,11/21/2022,"Series F","United States",481
GloriFi,Dallas,Finance,NULL,1,11/21/2022,Unknown,"United States",NULL
Zomato,Gurugram,Food,100,0.04,11/19/2022,"Series J",India,914
Carvana,Phoenix,Transportation,1500,0.08,11/18/2022,Post-IPO,"United States",1600
Nuro,"SF Bay Area",Transportation,300,0.2,11/18/2022,"Series D","United States",2100
Synthego,"SF Bay Area",Healthcare,105,0.2,11/18/2022,"Series E","United States",459
Splyt,London,Transportation,57,NULL,11/18/2022,"Series B","United Kingdom",34
Capitolis,"New York City",Finance,NULL,0.25,11/18/2022,"Series D","United States",281
Kavak,"Sao Paulo",Transportation,NULL,NULL,11/18/2022,"Series E",Brazil,1600
Metaplex,Chicago,Crypto,NULL,NULL,11/18/2022,Unknown,"United States",NULL
Ruangguru,Jakarta,Education,NULL,NULL,11/18/2022,Unknown,Indonesia,205
StoryBlocks,"Washington D.C.",Media,NULL,0.25,11/18/2022,Acquired,"United States",18
"Unchained Capital",Austin,Crypto,NULL,0.15,11/18/2022,"Series A","United States",33
Roku,"SF Bay Area",Media,200,0.07,11/17/2022,Post-IPO,"United States",208
Orchard,"New York City","Real Estate",180,NULL,11/17/2022,"Series D","United States",472
Homepoint,Phoenix,"Real Estate",113,NULL,11/17/2022,Post-IPO,"United States",NULL
Juni,Gothenburg,Finance,72,0.33,11/17/2022,Unknown,Sweden,281
"Chili Piper","New York City",Sales,58,NULL,11/17/2022,"Series B","United States",54
Capitolis,"New York City",Finance,37,0.25,11/17/2022,"Series D","United States",281
TealBook,Toronto,Other,34,0.19,11/17/2022,"Series B",Canada,73
Koho,Toronto,Finance,15,0.04,11/17/2022,"Series D",Canada,278
&Open,Dublin,Marketing,9,0.09,11/17/2022,"Series A",Ireland,35
Kandji,"San Diego",Other,NULL,0.17,11/17/2022,"Series C","United States",188
"Morning Brew","New York City",Media,NULL,0.14,11/17/2022,Acquired,"United States",NULL
Symend,Calgary,Other,NULL,0.13,11/17/2022,"Series C",Canada,148
Amazon,Seattle,Retail,10000,0.03,11/16/2022,Post-IPO,"United States",108
Cisco,"SF Bay Area",Infrastructure,4100,0.05,11/16/2022,Post-IPO,"United States",2
Twiga,Nairobi,Food,211,0.21,11/16/2022,"Series C",Kenya,157
Wayflyer,Dublin,Marketing,200,0.4,11/16/2022,Unknown,Ireland,889
SimilarWeb,"New York City",Other,120,0.1,11/16/2022,Post-IPO,"United States",235
Salsify,Boston,Retail,90,0.11,11/16/2022,"Series F","United States",452
Lokalise,Dover,Other,76,0.23,11/16/2022,"Series B","United States",56
Yotpo,"New York City",Marketing,70,0.09,11/16/2022,Unknown,"United States",436
"Pear Therapeutics",Boston,Healthcare,59,0.22,11/16/2022,Post-IPO,"United States",409
D2L,Waterloo,Education,NULL,0.05,11/16/2022,Post-IPO,Canada,168
Dance,Berlin,Transportation,NULL,0.16,11/16/2022,Unknown,Germany,63
Homeward,Austin,"Real Estate",NULL,0.25,11/16/2022,Unknown,"United States",501
Hopin,London,Other,NULL,0.17,11/16/2022,"Series D","United Kingdom",1000
Infogrid,London,Other,NULL,NULL,11/16/2022,"Series A","United Kingdom",15
Kite,"SF Bay Area",Product,NULL,1,11/16/2022,"Series A","United States",21
UiPath,"New York City",Data,241,0.06,11/15/2022,Post-IPO,"United States",2000
Asana,"SF Bay Area",Other,180,0.09,11/15/2022,Post-IPO,"United States",453
OwnBackup,"New York City",Security,170,0.17,11/15/2022,"Series E","United States",507
"Deliveroo Australia",Melbourne,Food,120,1,11/15/2022,Post-IPO,Australia,1700
Productboard,"SF Bay Area",Product,100,0.2,11/15/2022,"Series D","United States",NULL
Properly,Toronto,"Real Estate",71,NULL,11/15/2022,"Series B",Canada,154
Protocol,"SF Bay Area",Media,60,1,11/15/2022,Acquired,"United States",NULL
Jimdo,Hamburg,Other,50,0.16,11/15/2022,Unknown,Germany,28
"The Zebra",Austin,Finance,50,NULL,11/15/2022,"Series D","United States",256
Viber,Luxembourg,Consumer,45,0.08,11/15/2022,Acquired,Luxembourg,NULL
CaptivateIQ,"SF Bay Area",Sales,31,0.1,11/15/2022,"Series C","United States",164
"Apollo Insurance",Vancouver,Finance,NULL,0.25,11/15/2022,"Series B",Canada,11
"Nirvana Money",Miami,Finance,NULL,1,11/15/2022,Unknown,"United States",NULL
Oatly,MalmÃ¶,Food,NULL,NULL,11/15/2022,Post-IPO,Sweden,441
OfferUp,Seattle,Retail,NULL,0.19,11/15/2022,Unknown,"United States",381
Outside,Boulder,Media,NULL,0.12,11/15/2022,"Series B","United States",174
"Rubicon Technologies",Lexington,Other,NULL,0.11,11/15/2022,Post-IPO,"United States",382
Tencent,Shenzen,Consumer,NULL,NULL,11/15/2022,Post-IPO,China,12600
Typeform,Barcelona,Marketing,NULL,NULL,11/15/2022,"Series C",Spain,187
Whispir,Melbourne,Other,NULL,0.3,11/15/2022,Post-IPO,Australia,68
Illumina,"San Diego",Healthcare,500,0.05,11/14/2022,Post-IPO,"United States",28
Sema4,Stamford,Healthcare,500,NULL,11/14/2022,Post-IPO,"United States",791
iFit,Logan,Fitness,300,0.2,11/14/2022,"Private Equity","United States",200
Ribbon,"New York City","Real Estate",170,0.85,11/14/2022,"Series C","United States",405
Pipedrive,Tallinn,Sales,143,0.15,11/14/2022,"Private Equity",Estonia,90
Intercom,"SF Bay Area",Support,124,0.13,11/14/2022,"Series D","United States",240
"Science 37 ","Los Angeles",Healthcare,90,NULL,11/14/2022,Post-IPO,"United States",347
"Pear Therapeutics",Boston,Healthcare,59,0.22,11/14/2022,Post-IPO,"United States",409
Cardlytics,Atlanta,Marketing,51,NULL,11/14/2022,Post-IPO,"United States",212
Cloudinary,"SF Bay Area",Media,40,0.08,11/14/2022,Unknown,"United States",100
Nestcoin,Lagos,Crypto,30,NULL,11/14/2022,Seed,Nigeria,6
Gokada,Lagos,Transportation,20,NULL,11/14/2022,Unknown,Nigeria,12
Shopee,Jakarta,Food,NULL,NULL,11/14/2022,Unknown,Indonesia,NULL
Tricida,"SF Bay Area",Healthcare,NULL,0.57,11/14/2022,Post-IPO,"United States",624
Veev,"SF Bay Area","Real Estate",100,0.3,11/11/2022,"Series D","United States",597
Forto,Berlin,Logistics,60,0.08,11/11/2022,"Series D","United States",593
Chipax,Santiago,Finance,NULL,NULL,11/11/2022,Seed,Chile,2
Juniper,Atlanta,Marketing,NULL,NULL,11/11/2022,Acquired,"United States",NULL
Offerpad,Phoenix,"Real Estate",NULL,0.07,11/11/2022,Post-IPO,"United States",355
"GoTo Group",Jakarta,Transportation,1300,0.12,11/10/2022,Post-IPO,Indonesia,1300
Juul,"SF Bay Area",,400,0.3,11/10/2022,Unknown,"United States",1500
Blend,"SF Bay Area",Finance,100,0.06,11/10/2022,Post-IPO,"United States",665
InfluxData,"SF Bay Area",Data,65,0.27,11/10/2022,"Series D","United States",119
Coinbase,"SF Bay Area",Crypto,60,NULL,11/10/2022,Post-IPO,"United States",549
SoundHound,"SF Bay Area",Other,45,0.1,11/10/2022,Post-IPO,"United States",326
Wistia,Boston,Marketing,40,NULL,11/10/2022,Unknown,"United States",18
Ocavu,Lehi,Crypto,20,0.48,11/10/2022,"Series A","United States",11
Avast,Phoenix,Security,NULL,0.25,11/10/2022,Unknown,"United States",NULL
Reforge,"SF Bay Area",Education,NULL,NULL,11/10/2022,"Series B","United States",81
SendCloud,Eindhoven,Logistics,NULL,0.1,11/10/2022,"Series C","United States",200
Voly,Sydney,Food,NULL,NULL,11/10/2022,Seed,Australia,13
Wavely,"SF Bay Area",HR,NULL,1,11/10/2022,Unknown,"United States",NULL
ZenBusiness,Austin,Other,NULL,NULL,11/10/2022,"Series C","United States",277
Meta,"SF Bay Area",Consumer,11000,0.13,11/9/2022,Post-IPO,"United States",26000
Redfin,Seattle,"Real Estate",862,0.13,11/9/2022,Post-IPO,"United States",320
Flyhomes,Seattle,"Real Estate",300,0.4,11/9/2022,"Series C","United States",310
AvantStay,"Los Angeles",Travel,144,0.22,11/9/2022,"Private Equity","United States",686
"Root Insurance",Columbus,Finance,137,0.2,11/9/2022,Post-IPO,"United States",527
Liftoff,"SF Bay Area",Marketing,130,0.15,11/9/2022,Acquired,"United States",6
Cameo,Chicago,Consumer,80,NULL,11/9/2022,Unknown,"United States",165
Plum,Bengaluru,Healthcare,36,0.1,11/9/2022,"Series A",India,20
Kabam,"SF Bay Area",Consumer,35,0.07,11/9/2022,Acquired,"United States",244
HighRadius,Bengaluru,Finance,25,NULL,11/9/2022,"Series C",India,475
Namogoo,"Tel Aviv",Marketing,25,0.15,11/9/2022,"Series C","United States",69
Amobee,"SF Bay Area",Marketing,NULL,NULL,11/9/2022,Acquired,"United States",72
CloudFactory,Nairobi,Data,NULL,0.12,11/9/2022,"Private Equity",Kenya,78
Coursera,"SF Bay Area",Education,NULL,NULL,11/9/2022,Post-IPO,"United States",458
"Faze Medicines",Boston,Healthcare,NULL,1,11/9/2022,"Series B","United States",81
RingCentral,"SF Bay Area",Other,NULL,0.1,11/9/2022,Post-IPO,"United States",44
Spotify,Stockholm,Media,NULL,NULL,11/9/2022,Post-IPO,Sweden,2100
EverBridge,Boston,Other,200,NULL,11/8/2022,Post-IPO,"United States",476
"Repertoire Immune Medicines",Boston,Healthcare,65,0.5,11/8/2022,"Series B","United States",257
Astra,"SF Bay Area",Aerospace,NULL,0.16,11/8/2022,Post-IPO,"United States",300
Beat,Athens,Transportation,NULL,NULL,11/8/2022,"Series B",Greece,6
NanoString,Seattle,Healthcare,NULL,0.1,11/8/2022,Post-IPO,"United States",731
SADA,"Los Angeles",Other,NULL,0.11,11/8/2022,Acquired,"United States",NULL
Salesforce,"SF Bay Area",Sales,1000,0.01,11/7/2022,Post-IPO,"United States",65
Unacademy,Bengaluru,Education,350,0.1,11/7/2022,"Series H",India,838
Zendesk,"SF Bay Area",Support,350,0.05,11/7/2022,Acquired,"United States",85
Dock,"Sao Paulo",Finance,190,0.12,11/7/2022,"Private Equity",Brazil,280
Code42,Minneapolis,Security,NULL,0.15,11/7/2022,Unknown,"United States",137
"Domino Data Lab","SF Bay Area",Data,NULL,0.25,11/7/2022,"Series F","United States",223
Varonis,"New York City",Security,110,0.05,11/6/2022,Post-IPO,"United States",30
Brainly,Krakow,Education,25,NULL,11/6/2022,"Series D",Poland,148
Practically,Hyderabad,Education,NULL,NULL,11/6/2022,Unknown,India,14
Twitter,"SF Bay Area",Consumer,3700,0.5,11/4/2022,Post-IPO,"United States",12900
Udaan,Bengaluru,Retail,350,NULL,11/4/2022,Unknown,India,1500
Planetly,Berlin,Other,200,1,11/4/2022,Acquired,Germany,5
KoinWorks,Jakarta,Finance,70,0.08,11/4/2022,Unknown,Indonesia,180
Exodus,"Nebraska City",Crypto,59,0.22,11/4/2022,Unknown,"United States",60
"Benitago Group","New York City",Retail,NULL,0.14,11/4/2022,"Series A","United States",380
"Mythical Games","Los Angeles",Crypto,NULL,0.1,11/4/2022,"Series C","United States",260
Stripe,"SF Bay Area",Finance,1000,0.14,11/3/2022,"Series H","United States",2300
Lyft,"SF Bay Area",Transportation,700,0.13,11/3/2022,Post-IPO,"United States",4900
LendingTree,Charlotte,Finance,200,NULL,11/3/2022,Post-IPO,"United States",NULL
Pleo,Copenhagen,Finance,150,0.15,11/3/2022,"Series C","United States",428
"Delivery Hero",Berlin,Food,100,NULL,11/3/2022,Post-IPO,Germany,8300
Shippo,"SF Bay Area",Logistics,60,0.2,11/3/2022,"Series E","United States",154
Affirm,"SF Bay Area",Finance,NULL,0.01,11/3/2022,Post-IPO,"United States",1500
CloudKitchens,"Los Angeles","Real Estate",NULL,NULL,11/3/2022,Unknown,"United States",1300
LiveRamp,"SF Bay Area",Marketing,NULL,0.1,11/3/2022,Post-IPO,"United States",16
Provi,Chicago,Food,NULL,NULL,11/3/2022,"Series C","United States",150
Rubius,Boston,Healthcare,NULL,0.82,11/3/2022,Post-IPO,"United States",445
Snapdocs,"SF Bay Area","Real Estate",NULL,0.15,11/3/2022,"Series D","United States",253
Studio,"SF Bay Area",Education,NULL,NULL,11/3/2022,"Series B","United States",50
Opendoor,"SF Bay Area","Real Estate",550,0.18,11/2/2022,Post-IPO,"United States",1900
Chime,"SF Bay Area",Finance,156,0.12,11/2/2022,"Series G","United States",2300
Chargebee,"SF Bay Area",Finance,142,0.1,11/2/2022,"Series H","United States",468
"Dapper Labs",Vancouver,Crypto,134,0.22,11/2/2022,"Series D","United States",607
Checkmarx,"Tel Aviv",Security,100,0.1,11/2/2022,"Series C",Israel,92
Smava,Berlin,Finance,100,0.15,11/2/2022,Unknown,Germany,188
"Iron Ox","SF Bay Area",Food,50,0.5,11/2/2022,"Series C","United States",103
"Digital Currency Gruop",Stamford,Crypto,10,0.13,11/2/2022,Unknown,"United States",NULL
BitMEX,Non-U.S.,Crypto,NULL,0.3,11/2/2022,Seed,Seychelles,0
Signicat,Trondheim,Security,NULL,NULL,11/2/2022,Acquired,Norway,8
"Argo AI","SF Bay Area",Transportation,259,NULL,11/1/2022,Unknown,"United States",3600
Booking.com,"Grand Rapids",Travel,226,NULL,11/1/2022,Acquired,"United States",NULL
Oracle,"SF Bay Area",Other,200,NULL,11/1/2022,Post-IPO,"United States",NULL
Upstart,"SF Bay Area",Finance,140,0.07,11/1/2022,Post-IPO,"United States",144
Gem,"SF Bay Area",Recruiting,100,0.33,11/1/2022,"Series C","United States",148
Oda,Oslo,Food,70,0.18,11/1/2022,Unknown,Sweden,377
Oda,Oslo,Food,70,0.18,11/1/2022,Unknown,Norway,477
Oda,Oslo,Food,70,0.06,11/1/2022,Unknown,Norway,479
Hootsuite,Vancouver,Marketing,50,0.05,11/1/2022,"Series C",Canada,300
Drop,Toronto,Marketing,24,NULL,11/1/2022,"Series B",Canada,56
"Tapps Games","Sao Paulo",Consumer,10,NULL,11/1/2022,Unknown,Brazil,NULL
Brightline,"SF Bay Area",Healthcare,NULL,0.2,11/1/2022,"Series C","United States",212
"Help Scout",Boston,Support,NULL,NULL,11/1/2022,"Series B","United States",28
Kry,Stockholm,Healthcare,300,0.1,10/31/2022,"Series D",Sweden,568
Notarize,Boston,Legal,60,NULL,10/31/2022,"Series D","United States",213
EquityZen,"New York City",Finance,30,0.27,10/31/2022,"Series B","United States",11
Equitybee,"SF Bay Area",Finance,25,0.2,10/31/2022,"Series B","United States",85
Dukaan,Bengaluru,Retail,23,NULL,10/31/2022,"Series A",India,17
Amazon,Seattle,Retail,150,NULL,10/28/2022,Post-IPO,"United States",108
"Fifth Season",Pittsburgh,Food,100,1,10/28/2022,"Series B","United States",35
Advata,Seattle,Healthcare,32,0.21,10/28/2022,NULL,"United States",NULL
Springlane,DÃ¼sseldorf,Food,NULL,0.35,10/28/2022,"Series C",Germany,11
RenoRun,Montreal,Construction,210,0.43,10/27/2022,"Series B",Canada,163
Recharge,"Los Angeles",Finance,84,0.17,10/27/2022,"Series B","United States",277
Lattice,"SF Bay Area",HR,13,NULL,10/27/2022,"Series F","United States",328
GoNuts,Mumbai,Media,NULL,1,10/27/2022,Seed,India,NULL
Spreetail,Austin,Retail,NULL,NULL,10/27/2022,NULL,"United States",NULL
MindBody,"San Luis Obispo",Fitness,400,0.15,10/26/2022,Post-IPO,"United States",114
Zillow,Seattle,"Real Estate",300,0.05,10/26/2022,Post-IPO,"United States",97
Cybereason,Boston,Security,200,0.17,10/26/2022,"Series F","United States",750
"Argo AI",Pittsburgh,Transportation,173,NULL,10/26/2022,Unknown,"United States",3600
GoFundMe,"SF Bay Area",Finance,94,0.12,10/26/2022,"Series A","United States",NULL
Carbon,"SF Bay Area",Hardware,NULL,NULL,10/26/2022,"Series E","United States",683
Fundbox,"SF Bay Area",Finance,150,0.42,10/25/2022,"Series D","United States",553
Embroker,"SF Bay Area",Finance,30,0.12,10/25/2022,"Series C","United States",142
Vee,"Tel Aviv",HR,17,0.5,10/25/2022,Seed,Israel,15
"Callisto Media","SF Bay Area",Media,NULL,0.35,10/25/2022,"Series D","United States",NULL
Convoy,Seattle,Logistics,NULL,NULL,10/25/2022,"Series E","United States",1100
Philips,Amsterdam,Healthcare,4000,0.05,10/24/2022,Post-IPO,Netherlands,NULL
Cerebral,"SF Bay Area",Healthcare,400,0.2,10/24/2022,"Series C","United States",462
Snyk,Boston,Security,198,0.14,10/24/2022,"Series F","United States",849
McMakler,Berlin,"Real Estate",100,NULL,10/24/2022,Unknown,Germany,214
Unico,"Sao Paulo",Other,50,0.04,10/24/2022,"Series D",Brazil,336
OrCam,Jerusalem,Healthcare,62,0.16,10/23/2022,Unknown,Israel,86
"Antidote Health","Tel Aviv",Healthcare,23,0.38,10/23/2022,Unknown,Israel,36
Khoros,Austin,Sales,120,0.1,10/21/2022,"Private Equity","United States",138
F5,Seattle,Security,100,0.01,10/21/2022,Post-IPO,"United States",NULL
Elinvar,Berlin,Finance,43,0.33,10/21/2022,Unknown,Germany,30
Synapsica,"New Delhi",Healthcare,30,0.3,10/21/2022,"Series A",India,4
Volta,"SF Bay Area",Transportation,NULL,0.54,10/21/2022,Post-IPO,"United States",575
Hotmart,"Belo Horizonte",Marketing,227,0.12,10/20/2022,"Series C",Brazil,127
"Zeus Living","SF Bay Area","Real Estate",64,0.46,10/20/2022,"Series C","United States",151
Loom,"SF Bay Area",Product,23,0.11,10/20/2022,"Series C","United States",203
"Sales Boomerang",Baltimore,Sales,20,NULL,10/20/2022,"Private Equity","United States",5
Arrival,London,Transportation,NULL,NULL,10/20/2022,Post-IPO,"United Kingdom",629
Roofstock,"SF Bay Area","Real Estate",NULL,0.2,10/20/2022,"Series E","United States",365
Starry,Boston,Other,NULL,0.5,10/20/2022,Post-IPO,"United States",260
Gopuff,Philadelphia,Food,250,NULL,10/19/2022,"Series H","United States",3400
AtoB,"SF Bay Area",Finance,32,0.3,10/19/2022,"Series B","United States",177
InfoSum,London,Security,20,0.12,10/19/2022,"Series B","United Kingdom",88
"Clever Real Estate","St. Louis","Real Estate",NULL,NULL,10/19/2022,"Series B","United States",13
Collibra,Brussels,Data,NULL,NULL,10/19/2022,"Series G",Belgium,596
Side,"SF Bay Area","Real Estate",NULL,NULL,10/19/2022,Unknown,"United States",313
Faire,"SF Bay Area",Retail,84,0.07,10/18/2022,"Series G","United States",1700
Leafly,Seattle,Retail,56,0.21,10/18/2022,Post-IPO,"United States",71
"Ada Health",Berlin,Healthcare,50,NULL,10/17/2022,"Series B",Germany,189
Tiendanube,"Buenos Aires",Marketing,50,0.05,10/17/2022,Unknown,Argentina,NULL
Microsoft,Seattle,Other,NULL,NULL,10/17/2022,Post-IPO,"United States",1
Nuri,Berlin,Crypto,NULL,1,10/17/2022,"Series B",Germany,42
Flipboard,"SF Bay Area",Media,24,0.21,10/16/2022,Unknown,"United States",235
Huawei,Shenzen,Hardware,NULL,NULL,10/16/2022,Unknown,China,NULL
"Clear Capital",Reno,"Real Estate",378,0.27,10/14/2022,Unknown,"United States",NULL
"Beyond Meat","Los Angeles",Food,200,0.19,10/14/2022,Post-IPO,"United States",122
"Flux Systems",London,Finance,NULL,1,10/14/2022,Unknown,"United Kingdom",9
Qin1,Noida,Education,NULL,1,10/14/2022,Seed,India,NULL
Salesforce,"SF Bay Area",Sales,90,NULL,10/13/2022,Post-IPO,"United States",65
Playdots,"New York City",Consumer,65,1,10/13/2022,Acquired,"United States",10
ExtraHop,Seattle,Security,NULL,NULL,10/13/2022,"Series C","United States",61
Byju's,Bengaluru,Education,2500,0.05,10/12/2022,"Private Equity",India,5500
6sense,"SF Bay Area",Sales,150,0.1,10/12/2022,"Series E","United States",426
Sinch,Stockholm,Other,150,NULL,10/12/2022,Post-IPO,Sweden,1500
FrontRow,Bengaluru,Education,130,0.75,10/12/2022,"Series A",India,17
Noom,"New York City",Healthcare,500,0.1,10/11/2022,"Series F","United States",657
MX,Lehi,Finance,200,NULL,10/11/2022,"Series C","United States",450
Brex,"SF Bay Area",Finance,136,0.11,10/11/2022,"Series D","United States",1500
Pacaso,"SF Bay Area","Real Estate",100,0.3,10/11/2022,"Series C","United States",217
Sketch,"The Hague",Other,80,NULL,10/11/2022,"Series A",Netherlands,20
Udacity,"SF Bay Area",Education,55,0.13,10/11/2022,Unknown,"United States",235
Linkfire,Copenhagen,Marketing,35,0.35,10/11/2022,Seed,Denmark,2
Emitwise,London,Energy,NULL,NULL,10/11/2022,"Series A","United Kingdom",16
GSR,"Hong Kong","Crypto Currency",NULL,NULL,10/11/2022,Unknown,"Hong Kong",NULL
VanHack,Vancouver,HR,NULL,NULL,10/11/2022,Seed,"United States",NULL
HelloFresh,"SF Bay Area",Food,611,NULL,10/10/2022,Post-IPO,"United States",367
Momentive,"SF Bay Area",Marketing,180,0.11,10/10/2022,Post-IPO,"United States",1100
"Pavilion Data","SF Bay Area",Infrastructure,96,0.96,10/10/2022,"Series D","United States",103
"Redesign Health","New York City",Healthcare,67,0.2,10/10/2022,"Series C","United States",315
Nyriad,Austin,Infrastructure,NULL,0.33,10/10/2022,Unknown,"United States",58
BioMarin,"SF Bay Area",Healthcare,120,0.04,10/7/2022,Post-IPO,"United States",585
Rev.com,Austin,Data,85,NULL,10/7/2022,"Series D","United States",30
Crypto.com,Singapore,Crypto,2000,0.3,10/6/2022,Unknown,Singapore,156
Peloton,"New York City",Fitness,500,0.12,10/6/2022,Post-IPO,"United States",1900
Landing,Birmingham,"Real Estate",110,NULL,10/6/2022,"Series C","United States.",347
Turnitin,"SF Bay Area",Education,51,0.05,10/6/2022,Acquired,"United States",NULL
"Impossible Foods","SF Bay Area",Food,50,0.06,10/6/2022,"Series H","United States",1900
Atome,Singapore,Finance,NULL,NULL,10/6/2022,Unknown,Singapore,645
"First AML",Auckland,Finance,NULL,NULL,10/6/2022,"Series B","New Zealand",29
"Foresight Insurance","SF Bay Area",Finance,NULL,0.4,10/6/2022,"Series B","United States",58
Spotify,Stockholm,Media,NULL,NULL,10/6/2022,Post-IPO,Sweden,2100
"Built In",Chicago,Recruiting,50,0.25,10/5/2022,"Series C","United States",29
TwinStrand,Seattle,Healthcare,NULL,0.5,10/5/2022,"Series B","United States",73
8x8,"SF Bay Area",Support,200,0.09,10/4/2022,Post-IPO,"United States",253
Homie,"Salt Lake City","Real Estate",40,0.13,10/4/2022,"Series B","United States",35
Fivetran,"SF Bay Area",Data,NULL,0.05,10/4/2022,"Series D","United States",NULL
Xendit,Jakarta,Finance,NULL,0.05,10/4/2022,"Series D",Indonesia,534
Zoomo,Sydney,Transportation,NULL,0.16,10/4/2022,"Series B",Australia,105
ActiveCampaign,Chicago,Marketing,NULL,0.15,10/3/2022,"Series C","United States",360
Tempo,"SF Bay Area",Fitness,NULL,NULL,10/3/2022,"Series C","United States",298
WazirX,Mumbai,Crypto,60,0.4,10/2/2022,Acquired,India,NULL
Spin,"SF Bay Area",Transportation,78,0.1,9/30/2022,Acquired,"United States",8
Carsome,"Kuala Lumpur",Transportation,NULL,0.1,9/30/2022,"Series E",Malaysia,607
Pastel,"SF Bay Area",Food,NULL,1,9/30/2022,Unknown,"United States",NULL
Truepill,"SF Bay Area",Healthcare,NULL,NULL,9/30/2022,"Series D","United States",255
Westwing,Munich,Retail,125,NULL,9/29/2022,Post-IPO,Germany,237
Mux,"SF Bay Area",Infrastructure,40,0.2,9/29/2022,"Series D","United States",173
Solarisbank,Berlin,Finance,NULL,0.1,9/29/2022,Unknown,Germany,385
Zenjob,Berlin,HR,NULL,NULL,9/29/2022,"Series D",Germany,107
DocuSign,"SF Bay Area",Sales,671,0.09,9/28/2022,Post-IPO,"United States",536
Front,"SF Bay Area",Support,NULL,NULL,9/28/2022,"Series D","United States",203
Volta,"SF Bay Area",Transportation,NULL,0.1,9/28/2022,Post-IPO,"United States",575
"Divvy Homes","SF Bay Area","Real Estate",40,0.12,9/27/2022,"Series B","United States",180
Graphcore,Bristol,Data,NULL,NULL,9/27/2022,Unknown,"United Kingdom",692
Instacart,"SF Bay Area",Food,NULL,NULL,9/24/2022,Unknown,"United States",2900
Konfio,"Mexico City",Finance,180,NULL,9/23/2022,"Series E","United States",706
Moss,Berlin,Fin-Tech,70,0.15,9/23/2022,"Series B",Germany,150
Foxtrot,Chicago,Food,26,0.035,9/23/2022,"Series C","United States",166
Truiloo,Vancouver,Security,24,0.05,9/23/2022,"Series D",Canada,474
Pesto,"SF Bay Area",Other,NULL,1,9/23/2022,Seed,"United States",6
NYDIG,"New York City",Crypto,110,0.33,9/22/2022,"Private Equity","United States",1400
Klarna,Stockholm,Finance,100,NULL,9/22/2022,Unknown,Sweden,3700
Made.com,London,Retail,NULL,0.35,9/22/2022,"Series D","United Kingdom",136
"Kitty Hawk","SF Bay Area",Aerospace,100,1,9/21/2022,Unknown,"United States",1
"Candidate Labs","SF Bay Area",HR,NULL,NULL,9/21/2022,Seed,"United States",5
Compass,"New York City","Real Estate",271,NULL,9/20/2022,Post-IPO,"United States",1600
Curative,"Los Angeles",Healthcare,109,NULL,9/20/2022,Seed,"United States",8
Ada,Toronto,Support,78,0.16,9/20/2022,"Series C",Canada,190
99,"Sao Paulo",Transportation,75,0.02,9/20/2022,Acquired,Brazil,244
Ouster,"SF Bay Area",Transportation,NULL,0.1,9/20/2022,Post-IPO,"United States",282
Zappos,"Las Vegas",Retail,NULL,0.04,9/20/2022,Acquired,"United States",62
Ola,Bengaluru,Transportation,200,NULL,9/19/2022,"Series J",India,5000
"Vesalius Therapeutics",Boston,Healthcare,29,0.43,9/19/2022,"Series B","United States",75
VideoAmp,"Los Angeles",Marketing,NULL,0.02,9/19/2022,"Series F","United States",456
Shopee,Jakarta,Food,NULL,NULL,9/18/2022,Unknown,Indonesia,NULL
Clear,Bengaluru,Finance,190,0.2,9/16/2022,"Series C",India,140
TrueLayer,London,Finance,40,0.1,9/16/2022,"Series E","United States",271
LivePerson,"New York City",Support,193,0.11,9/15/2022,Post-IPO,"United States",42
Acast,Stockholm,Media,70,0.15,9/15/2022,Post-IPO,Sweden,126
WorkRamp,"SF Bay Area",HR,35,0.2,9/15/2022,"Series C","United States",67
DayTwo,"SF Bay Area",Healthcare,NULL,NULL,9/15/2022,"Series B","United States",90
NextRoll,"SF Bay Area",Marketing,NULL,0.07,9/15/2022,Unknown,"United States",108
Twilio,"SF Bay Area",Other,800,0.11,9/14/2022,Post-IPO,"United States",614
Pitch,Berlin,Marketing,59,0.3,9/14/2022,"Series B",Germany,137
Infarm,Berlin,Other,50,0.05,9/14/2022,"Series D",Germany,604
Netflix,"SF Bay Area",Media,30,NULL,9/14/2022,Post-IPO,"United States",121900
Bitrise,Budapest,Infrastructure,NULL,0.14,9/14/2022,"Series C",Hungary,83
Rubius,Boston,Healthcare,160,0.75,9/13/2022,Post-IPO,"United States",445
Checkout.com,London,Finance,100,0.05,9/13/2022,"Series D","United Kingdom",1800
Taboola,"New York City",Marketing,100,0.06,9/13/2022,Post-IPO,"United States",445
Patreon,"SF Bay Area",Media,80,0.17,9/13/2022,"Series F","United States",413
FullStory,Atlanta,Marketing,NULL,0.12,9/13/2022,Unknown,"United States",197
Propzy,"Ho Chi Minh City","Real Estate",NULL,1,9/13/2022,"Series A",Vietnam,33
Quicko,"Sao Paulo",Transportation,60,NULL,9/12/2022,Acquired,Brazil,28
"Mode Analytics","SF Bay Area",Data,25,NULL,9/12/2022,"Series D","United States",81
Compete,"Tel Aviv",HR,11,0.28,9/12/2022,"Series A",Israel,17
Karbon,"SF Bay Area",Other,NULL,0.23,9/12/2022,"Series B","United States",91
"Rent the Runway","New York City",Retail,NULL,0.24,9/12/2022,Post-IPO,"United States",526
Sama,"SF Bay Area",Data,NULL,NULL,9/12/2022,"Series B","United States",84
SkipTheDishes,Winnipeg,Food,350,NULL,9/9/2022,Acquired,Canada,6
Brighte,Sydney,Energy,58,NULL,9/9/2022,"Series C",Australia,145
Patreon,"SF Bay Area",Media,5,NULL,9/9/2022,"Series F","United States",413
"Amber Group","Hong Kong",Crypto,NULL,0.1,9/9/2022,"Series B","Hong Kong",328
Capiter,Cairo,Finance,NULL,NULL,9/9/2022,"Series A",Egypt,33
CommonBond,"New York City",Finance,NULL,1,9/9/2022,"Series D","United States",125
"DreamBox Learning",Seattle,Education,NULL,NULL,9/9/2022,Acquired,"United States",175
Flowhub,Denver,Retail,NULL,0.15,9/9/2022,Unknown,"United States",45
"Lido Learning",Mumbai,Education,NULL,1,9/9/2022,"Series C",India,20
GoStudent,Vienna,Education,200,NULL,9/8/2022,"Series D",Austria,686
"Pomelo Fashion",Bangkok,Retail,55,0.08,9/8/2022,Unknown,Thailand,120
"Genome Medical","SF Bay Area",Healthcare,23,NULL,9/8/2022,"Series C","United States",120
BigBear.ai,Baltimore,Data,NULL,0.07,9/8/2022,Post-IPO,"United States",200
